"","Date","high","low","open","close"
"1",2018-09-28 00:00:00,6714.72,6686,6686.13,6704.81
"2",2018-09-28 01:00:00,6715.9,6693.59,6704.81,6714.54
"3",2018-09-28 02:00:00,6726.88,6701.29,6714.82,6701.29
"4",2018-09-28 03:00:00,6703.96,6686.46,6701.29,6700.17
"5",2018-09-28 04:00:00,6717.25,6687.34,6700.2,6712.22
"6",2018-09-28 05:00:00,6714.45,6703.92,6712.27,6713.57
"7",2018-09-28 06:00:00,6776.77,6712.69,6713.57,6737.31
"8",2018-09-28 07:00:00,6806.1,6737.31,6737.31,6777.81
"9",2018-09-28 08:00:00,6782.15,6729.77,6777.81,6732.29
"10",2018-09-28 09:00:00,6735.15,6593.96,6732.29,6656.71
"11",2018-09-28 10:00:00,6665.89,6632.43,6656.98,6652.12
"12",2018-09-28 11:00:00,6667.02,6643.59,6652.12,6658.52
"13",2018-09-28 12:00:00,6661.84,6589.31,6658.57,6603.07
"14",2018-09-28 13:00:00,6661.17,6582.62,6603.07,6651.67
"15",2018-09-28 14:00:00,6689.43,6635.08,6651.67,6658.17
"16",2018-09-28 15:00:00,6681.76,6641.19,6658.12,6664.41
"17",2018-09-28 16:00:00,6664.98,6639.92,6664.13,6657.99
"18",2018-09-28 17:00:00,6673.7,6654.96,6658.07,6655.15
"19",2018-09-28 18:00:00,6658.21,6644.14,6655.21,6652.08
"20",2018-09-28 19:00:00,6696.29,6545.41,6652.3,6683.24
"21",2018-09-28 20:00:00,6684.05,6635.38,6683.24,6657.28
"22",2018-09-28 21:00:00,6663.73,6632.11,6657.28,6649.28
"23",2018-09-28 22:00:00,6657.44,6629.4,6648.74,6634.92
"24",2018-09-28 23:00:00,6646.87,6629.82,6634.92,6635.38
"25",2018-09-29 00:00:00,6635.42,6599.78,6635.4,6626.49
"26",2018-09-29 01:00:00,6626.49,6484.15,6626.49,6487.69
"27",2018-09-29 02:00:00,6528.42,6484.49,6487.69,6513.54
"28",2018-09-29 03:00:00,6520.17,6491.67,6513.54,6504.66
"29",2018-09-29 04:00:00,6514.24,6483.72,6504.66,6507.46
"30",2018-09-29 05:00:00,6514.86,6497.78,6507.46,6502.22
"31",2018-09-29 06:00:00,6517.16,6474.23,6502.22,6516.59
"32",2018-09-29 07:00:00,6540.89,6510.43,6516.58,6540.89
"33",2018-09-29 08:00:00,6555.97,6534.72,6540.89,6539.17
"34",2018-09-29 09:00:00,6587.88,6539.17,6539.17,6548.16
"35",2018-09-29 10:00:00,6571.8,6548.16,6548.16,6559.95
"36",2018-09-29 11:00:00,6618.93,6553.82,6561.27,6592.88
"37",2018-09-29 12:00:00,6599.91,6571.32,6592.88,6581.53
"38",2018-09-29 13:00:00,6591.05,6565.95,6581.68,6569.95
"39",2018-09-29 14:00:00,6574.67,6545.09,6570.1,6558.65
"40",2018-09-29 15:00:00,6604.13,6559.25,6559.25,6595.22
"41",2018-09-29 16:00:00,6596.13,6556.81,6595.22,6557.36
"42",2018-09-29 17:00:00,6596.4,6557.05,6557.16,6594.24
"43",2018-09-29 18:00:00,6603.17,6582.38,6594.38,6584.34
"44",2018-09-29 19:00:00,6600.81,6579.39,6584.34,6593.83
"45",2018-09-29 20:00:00,6615.44,6587.64,6593.83,6601.13
"46",2018-09-29 21:00:00,6601.91,6587.41,6601.13,6595.82
"47",2018-09-29 22:00:00,6613.73,6594.97,6595.82,6609.11
"48",2018-09-29 23:00:00,6631.15,6588.95,6609.11,6603.75
"49",2018-09-30 00:00:00,6604.02,6569.85,6603.75,6582.44
"50",2018-09-30 01:00:00,6613.52,6577.93,6582.44,6600.79
"51",2018-09-30 02:00:00,6605.75,6581.55,6600.79,6584.13
"52",2018-09-30 03:00:00,6593.99,6582.03,6584.13,6590.05
"53",2018-09-30 04:00:00,6590.05,6565.47,6590.05,6571.25
"54",2018-09-30 05:00:00,6582.74,6564.02,6571.28,6577.17
"55",2018-09-30 06:00:00,6596.22,6574.4,6577.17,6595.54
"56",2018-09-30 07:00:00,6601.36,6581,6595.6,6589.88
"57",2018-09-30 08:00:00,6598.59,6588.13,6589.88,6595.57
"58",2018-09-30 09:00:00,6606.21,6572.19,6595.56,6582.17
"59",2018-09-30 10:00:00,6656.82,6579.63,6582.17,6650.24
"60",2018-09-30 11:00:00,6660.53,6624.24,6650.24,6634.59
"61",2018-09-30 12:00:00,6642.93,6622.54,6634.61,6634.6
"62",2018-09-30 13:00:00,6641.96,6628.97,6634.6,6641.2
"63",2018-09-30 14:00:00,6654.38,6626.28,6641.2,6652.77
"64",2018-09-30 15:00:00,6653,6593.47,6652.77,6608.16
"65",2018-09-30 16:00:00,6625.31,6598.77,6608.28,6622.57
"66",2018-09-30 17:00:00,6628.76,6608.28,6622.57,6621.26
"67",2018-09-30 18:00:00,6632.38,6617.94,6621.26,6620.63
"68",2018-09-30 19:00:00,6712.04,6599.07,6620.63,6604.37
"69",2018-09-30 20:00:00,6741.96,6543.68,6604.37,6583.47
"70",2018-09-30 21:00:00,6587.32,6572.52,6583.47,6581.9
"71",2018-09-30 22:00:00,6639.19,6577.52,6582,6636.09
"72",2018-09-30 23:00:00,6641.88,6615.5,6635.91,6623.71
"73",2018-10-01 00:00:00,6651.06,6623.48,6623.82,6642.89
"74",2018-10-01 01:00:00,6662.6,6626.39,6642.89,6632.61
"75",2018-10-01 02:00:00,6640.5,6631.12,6632.61,6639.79
"76",2018-10-01 03:00:00,6652.56,6639.44,6639.79,6643.43
"77",2018-10-01 04:00:00,6655.99,6625.06,6643.43,6630.55
"78",2018-10-01 05:00:00,6631.37,6610.84,6630.55,6626.25
"79",2018-10-01 06:00:00,6635.84,6604.37,6625.58,6630.55
"80",2018-10-01 07:00:00,6631.37,6604.86,6630.56,6605.67
"81",2018-10-01 08:00:00,6625.29,6597.23,6605.67,6625.18
"82",2018-10-01 09:00:00,6626.57,6614.1,6625.18,6615.78
"83",2018-10-01 10:00:00,6619.17,6582.82,6616.03,6586.98
"84",2018-10-01 11:00:00,6601.03,6566.3,6586.92,6589.36
"85",2018-10-01 12:00:00,6609.84,6572.51,6589.36,6604.81
"86",2018-10-01 13:00:00,6611.28,6560.38,6604.83,6564.53
"87",2018-10-01 14:00:00,6572.28,6510.54,6564.53,6564.26
"88",2018-10-01 15:00:00,6568.52,6547.13,6564.26,6561.5
"89",2018-10-01 16:00:00,6593.55,6540.05,6561.6,6582.83
"90",2018-10-01 17:00:00,6587.38,6570.23,6582.82,6584.86
"91",2018-10-01 18:00:00,6598.21,6574.87,6584.76,6588.72
"92",2018-10-01 19:00:00,6588.97,6555.08,6588.71,6577.13
"93",2018-10-01 20:00:00,6584.05,6572.49,6577.13,6575.78
"94",2018-10-01 21:00:00,6622.13,6572.51,6575.89,6593.24
"95",2018-10-01 22:00:00,6595.93,6582.7,6593.24,6587.3
"96",2018-10-01 23:00:00,6597.74,6573.39,6587.3,6594.98
"97",2018-10-02 00:00:00,6599.94,6579.83,6594.98,6581.05
"98",2018-10-02 01:00:00,6618.95,6575.88,6581.05,6601.74
"99",2018-10-02 02:00:00,6603.18,6591.56,6601.74,6596.55
"100",2018-10-02 03:00:00,6602.37,6590.92,6596.55,6590.92
"101",2018-10-02 04:00:00,6602.31,6587.83,6590.81,6601.73
"102",2018-10-02 05:00:00,6605.65,6599.49,6601.82,6603.24
"103",2018-10-02 06:00:00,6604.84,6584.26,6602.14,6586.72
"104",2018-10-02 07:00:00,6587.2,6570.14,6586.72,6571.94
"105",2018-10-02 08:00:00,6589.77,6571.29,6571.94,6582.17
"106",2018-10-02 09:00:00,6585.66,6562.57,6582.17,6564.06
"107",2018-10-02 10:00:00,6579.84,6551.34,6564.06,6577.82
"108",2018-10-02 11:00:00,6580.08,6559.99,6578.34,6563.52
"109",2018-10-02 12:00:00,6593.15,6548.78,6563.45,6573.74
"110",2018-10-02 13:00:00,6577.78,6558.7,6573.74,6571.13
"111",2018-10-02 14:00:00,6575.04,6533.58,6571.13,6543.38
"112",2018-10-02 15:00:00,6557.49,6533.74,6543.38,6556.2
"113",2018-10-02 16:00:00,6556.49,6514.21,6556.2,6526.43
"114",2018-10-02 17:00:00,6537.94,6478.04,6526.43,6525.47
"115",2018-10-02 18:00:00,6563.72,6525.24,6525.47,6563.47
"116",2018-10-02 19:00:00,6575.13,6553.23,6562.6,6557.76
"117",2018-10-02 20:00:00,6569.59,6548.21,6557.76,6550.34
"118",2018-10-02 21:00:00,6560.62,6542.58,6550.34,6551.16
"119",2018-10-02 22:00:00,6566.74,6550.68,6551.16,6565.44
"120",2018-10-02 23:00:00,6565.66,6520.09,6565.44,6525.47
"121",2018-10-03 00:00:00,6537.07,6506.28,6525.46,6536.74
"122",2018-10-03 01:00:00,6536.94,6505.67,6536.74,6517.68
"123",2018-10-03 02:00:00,6522.34,6475.99,6517.38,6493.81
"124",2018-10-03 03:00:00,6499.08,6428.98,6493.81,6453.77
"125",2018-10-03 04:00:00,6467.01,6429.21,6453.85,6457.1
"126",2018-10-03 05:00:00,6467.35,6453.24,6457.1,6459.52
"127",2018-10-03 06:00:00,6464.59,6439.23,6459.52,6461.45
"128",2018-10-03 07:00:00,6466.21,6448.95,6461.52,6449.12
"129",2018-10-03 08:00:00,6453.29,6443.58,6449.12,6447.09
"130",2018-10-03 09:00:00,6456.03,6444.77,6446.69,6455.02
"131",2018-10-03 10:00:00,6490.4,6454.47,6455.14,6476.44
"132",2018-10-03 11:00:00,6489.18,6466.6,6476.44,6482.78
"133",2018-10-03 12:00:00,6482.36,6465.89,6482.21,6465.89
"134",2018-10-03 13:00:00,6482.64,6453.86,6465.86,6473.08
"135",2018-10-03 14:00:00,6526.49,6466.56,6473.34,6513.37
"136",2018-10-03 15:00:00,6528.68,6494.27,6513.37,6498.62
"137",2018-10-03 16:00:00,6511.87,6487.52,6498.62,6500.84
"138",2018-10-03 17:00:00,6513.36,6492.11,6500.84,6497.76
"139",2018-10-03 18:00:00,6498.24,6466.24,6498.24,6480.78
"140",2018-10-03 19:00:00,6483.69,6447.23,6481.29,6464.47
"141",2018-10-03 20:00:00,6475.93,6454.2,6464.12,6470.01
"142",2018-10-03 21:00:00,6481.11,6445.13,6470.01,6445.13
"143",2018-10-03 22:00:00,6467.38,6442.5,6444.82,6466.53
"144",2018-10-03 23:00:00,6511.5,6466.44,6466.53,6492.26
"145",2018-10-04 00:00:00,6514.94,6486.86,6492.61,6509.98
"146",2018-10-04 01:00:00,6622.32,6509.74,6509.98,6583.2
"147",2018-10-04 02:00:00,6593.57,6574.22,6583.2,6588.62
"148",2018-10-04 03:00:00,6599.31,6583.65,6588.62,6589.03
"149",2018-10-04 04:00:00,6605.47,6587.78,6589.03,6597.52
"150",2018-10-04 05:00:00,6601.14,6576.33,6597.52,6582.29
"151",2018-10-04 06:00:00,6589.79,6567.04,6582.29,6571.04
"152",2018-10-04 07:00:00,6583.48,6566.06,6571.06,6568.73
"153",2018-10-04 08:00:00,6605.05,6562.56,6568.89,6566.91
"154",2018-10-04 09:00:00,6589.2,6561.57,6567.01,6581.72
"155",2018-10-04 10:00:00,6590.21,6556.13,6581.92,6563.35
"156",2018-10-04 11:00:00,6574.88,6555.72,6563.35,6555.72
"157",2018-10-04 12:00:00,6567.82,6552.08,6555.48,6563.73
"158",2018-10-04 13:00:00,6575.47,6560.81,6563.73,6570.16
"159",2018-10-04 14:00:00,6574.68,6564.93,6570.16,6565.87
"160",2018-10-04 15:00:00,6582.42,6559.95,6565.88,6582.21
"161",2018-10-04 16:00:00,6586.74,6575.23,6582.21,6575.75
"162",2018-10-04 17:00:00,6583.21,6571.43,6575.75,6582.24
"163",2018-10-04 18:00:00,6599.86,6582.16,6582.24,6593.46
"164",2018-10-04 19:00:00,6602.52,6592.13,6593.45,6598.43
"165",2018-10-04 20:00:00,6600.78,6575.09,6598.43,6582.21
"166",2018-10-04 21:00:00,6583.31,6549.01,6582.21,6578.77
"167",2018-10-04 22:00:00,6594.23,6578.53,6578.77,6584.2
"168",2018-10-04 23:00:00,6586.65,6570,6584.2,6579.79
"169",2018-10-05 00:00:00,6615.93,6580,6580,6613.4
"170",2018-10-05 01:00:00,6613.9,6592.15,6611.68,6601.42
"171",2018-10-05 02:00:00,6602.08,6546.98,6601.42,6560.12
"172",2018-10-05 03:00:00,6576.49,6560.08,6560.12,6567.9
"173",2018-10-05 04:00:00,6574.74,6563.03,6568.1,6572.46
"174",2018-10-05 05:00:00,6572.71,6558.09,6572.69,6568.85
"175",2018-10-05 06:00:00,6592.54,6567.68,6568.85,6588.1
"176",2018-10-05 07:00:00,6588.14,6561.27,6588.12,6563.14
"177",2018-10-05 08:00:00,6571.14,6560.18,6563.14,6562.38
"178",2018-10-05 09:00:00,6564.71,6558.25,6562.38,6564.71
"179",2018-10-05 10:00:00,6572.57,6564.64,6564.71,6566.29
"180",2018-10-05 11:00:00,6584.99,6565.92,6566.44,6575.42
"181",2018-10-05 12:00:00,6578.4,6567.04,6575.42,6573.46
"182",2018-10-05 13:00:00,6588.11,6572.35,6573.93,6580.81
"183",2018-10-05 14:00:00,6588.24,6575.36,6581.15,6582.89
"184",2018-10-05 15:00:00,6586.35,6582.73,6583.22,6583.85
"185",2018-10-05 16:00:00,6591.38,6571.44,6584.14,6577.15
"186",2018-10-05 17:00:00,6577.82,6563.19,6577.15,6570.92
"187",2018-10-05 18:00:00,6577.37,6567.7,6570.93,6573.1
"188",2018-10-05 19:00:00,6583.38,6572.3,6573.97,6581.06
"189",2018-10-05 20:00:00,6586.21,6575.36,6581.06,6577.96
"190",2018-10-05 21:00:00,6592.01,6575.99,6577.96,6591.38
"191",2018-10-05 22:00:00,6683.55,6591.26,6591.38,6621.49
"192",2018-10-05 23:00:00,6637.4,6609.7,6622.51,6632.87
"193",2018-10-06 00:00:00,6637.08,6604.96,6632.88,6613.14
"194",2018-10-06 01:00:00,6626.22,6613.14,6613.14,6618
"195",2018-10-06 02:00:00,6619.76,6581.67,6618,6597.27
"196",2018-10-06 03:00:00,6603.39,6596.1,6597.27,6600.13
"197",2018-10-06 04:00:00,6604.91,6599.09,6600.13,6602.58
"198",2018-10-06 05:00:00,6608.97,6600.88,6602.58,6603.84
"199",2018-10-06 06:00:00,6607.24,6593.51,6603.84,6602.76
"200",2018-10-06 07:00:00,6610.05,6602.33,6602.42,6609.33
"201",2018-10-06 08:00:00,6610.06,6593.48,6609.33,6593.62
"202",2018-10-06 09:00:00,6606.06,6589.67,6593.62,6603.47
"203",2018-10-06 10:00:00,6611.39,6602.65,6603.47,6604.12
"204",2018-10-06 11:00:00,6605.56,6563.95,6604.12,6580.77
"205",2018-10-06 12:00:00,6587.83,6575.76,6580.96,6584.08
"206",2018-10-06 13:00:00,6585.57,6564.08,6584.08,6574.17
"207",2018-10-06 14:00:00,6580.04,6563.25,6574.17,6578.29
"208",2018-10-06 15:00:00,6588.97,6572.94,6578.64,6588.41
"209",2018-10-06 16:00:00,6594.95,6586.31,6588.41,6587.12
"210",2018-10-06 17:00:00,6593.42,6583.34,6587.14,6590.52
"211",2018-10-06 18:00:00,6591.39,6575.98,6590.52,6580.73
"212",2018-10-06 19:00:00,6582.12,6567.67,6581.06,6580.82
"213",2018-10-06 20:00:00,6592.54,6574.63,6580.82,6592.19
"214",2018-10-06 21:00:00,6597.14,6586.45,6592.19,6593.99
"215",2018-10-06 22:00:00,6600.33,6568.76,6595.29,6588.03
"216",2018-10-06 23:00:00,6590.85,6584.29,6588.03,6589.94
"217",2018-10-07 00:00:00,6597.54,6588.66,6589.94,6596.57
"218",2018-10-07 01:00:00,6598.36,6578.95,6596.59,6596.5
"219",2018-10-07 02:00:00,6598.76,6586.11,6596.5,6598.51
"220",2018-10-07 03:00:00,6598.82,6589.98,6598.51,6595.94
"221",2018-10-07 04:00:00,6599.37,6570.78,6596.06,6582.99
"222",2018-10-07 05:00:00,6588.91,6563.57,6583.16,6585.06
"223",2018-10-07 06:00:00,6588.33,6564.11,6585.32,6584.16
"224",2018-10-07 07:00:00,6584.56,6556.05,6584.16,6568.85
"225",2018-10-07 08:00:00,6569.8,6535.02,6568.85,6551.28
"226",2018-10-07 09:00:00,6558.94,6546.18,6551.53,6555.84
"227",2018-10-07 10:00:00,6563.69,6549.84,6555.84,6555.36
"228",2018-10-07 11:00:00,6559.78,6548.32,6555.36,6554.01
"229",2018-10-07 12:00:00,6555.86,6545.7,6553.96,6554.38
"230",2018-10-07 13:00:00,6565.44,6553.29,6554.38,6562.78
"231",2018-10-07 14:00:00,6565.65,6545.99,6562.78,6556.44
"232",2018-10-07 15:00:00,6568.57,6553.95,6556.44,6565.83
"233",2018-10-07 16:00:00,6567.24,6553.66,6566.07,6562.9
"234",2018-10-07 17:00:00,6573.24,6561.91,6562.9,6570.99
"235",2018-10-07 18:00:00,6577.5,6568.93,6571.47,6576.14
"236",2018-10-07 19:00:00,6579.33,6568.15,6577.72,6568.46
"237",2018-10-07 20:00:00,6571.16,6565.9,6568.46,6566.56
"238",2018-10-07 21:00:00,6575.53,6564.29,6566.56,6573.85
"239",2018-10-07 22:00:00,6574.72,6569.5,6573.85,6572.73
"240",2018-10-07 23:00:00,6622.49,6571.92,6572.73,6601.15
"241",2018-10-08 00:00:00,6611.49,6597.6,6601.46,6598.78
"242",2018-10-08 01:00:00,6604.99,6591.28,6598.78,6593.24
"243",2018-10-08 02:00:00,6595.45,6590.93,6593.24,6592.73
"244",2018-10-08 03:00:00,6593.65,6588.91,6592.73,6590.38
"245",2018-10-08 04:00:00,6594.03,6588.63,6590.38,6591.77
"246",2018-10-08 05:00:00,6593.48,6578.68,6591.77,6581.4
"247",2018-10-08 06:00:00,6585.45,6565.01,6581.53,6585.43
"248",2018-10-08 07:00:00,6588.45,6578.47,6585.43,6582.43
"249",2018-10-08 08:00:00,6585,6578.73,6582.43,6582.41
"250",2018-10-08 09:00:00,6589.29,6577.62,6582.97,6589.28
"251",2018-10-08 10:00:00,6603.8,6581.03,6589.38,6603.8
"252",2018-10-08 11:00:00,6641.11,6603.69,6603.8,6628.67
"253",2018-10-08 12:00:00,6698.31,6626.61,6628.67,6658.05
"254",2018-10-08 13:00:00,6670.25,6632.16,6658.4,6643.57
"255",2018-10-08 14:00:00,6655.4,6636.89,6643.57,6649.24
"256",2018-10-08 15:00:00,6673.11,6648.97,6649.24,6655.41
"257",2018-10-08 16:00:00,6661.12,6641.38,6655.41,6644.32
"258",2018-10-08 17:00:00,6660.44,6642.22,6644.41,6659.76
"259",2018-10-08 18:00:00,6660.59,6640.28,6659.52,6642.78
"260",2018-10-08 19:00:00,6684.99,6640.02,6642.78,6675.9
"261",2018-10-08 20:00:00,6677.57,6659.76,6675.9,6667.25
"262",2018-10-08 21:00:00,6669.89,6654.12,6667.25,6660.55
"263",2018-10-08 22:00:00,6660.82,6642.02,6660.68,6643.09
"264",2018-10-08 23:00:00,6657.41,6642.5,6643.72,6650.07
"265",2018-10-09 00:00:00,6657,6650.01,6650.07,6651.7
"266",2018-10-09 01:00:00,6651.7,6635.99,6651.7,6640.99
"267",2018-10-09 02:00:00,6644.19,6635.96,6640.81,6643.09
"268",2018-10-09 03:00:00,6643.59,6633.98,6643.09,6642.24
"269",2018-10-09 04:00:00,6650.24,6641.54,6642.24,6649.44
"270",2018-10-09 05:00:00,6656.05,6642.46,6649.44,6643.48
"271",2018-10-09 06:00:00,6643.75,6634.35,6643.48,6639.48
"272",2018-10-09 07:00:00,6642.21,6635.99,6639.68,6641.23
"273",2018-10-09 08:00:00,6642.79,6617.41,6641.23,6633.37
"274",2018-10-09 09:00:00,6635.48,6627.7,6633.37,6635.23
"275",2018-10-09 10:00:00,6637.27,6633.19,6635.23,6635.62
"276",2018-10-09 11:00:00,6635.64,6619.58,6635.64,6623.31
"277",2018-10-09 12:00:00,6624.37,6604.58,6624.37,6613.47
"278",2018-10-09 13:00:00,6613.85,6589.53,6613.47,6589.57
"279",2018-10-09 14:00:00,6608.06,6589.39,6589.8,6605.99
"280",2018-10-09 15:00:00,6614.27,6605.49,6605.99,6613.23
"281",2018-10-09 16:00:00,6613.89,6603.42,6613.23,6609.25
"282",2018-10-09 17:00:00,6613.37,6606.21,6609.25,6613.37
"283",2018-10-09 18:00:00,6627.51,6613.08,6613.37,6626.97
"284",2018-10-09 19:00:00,6638.5,6624.97,6626.93,6628.07
"285",2018-10-09 20:00:00,6628.07,6614.4,6628.07,6619.99
"286",2018-10-09 21:00:00,6623.68,6618.3,6619.99,6622.75
"287",2018-10-09 22:00:00,6638.17,6622.35,6622.75,6637.91
"288",2018-10-09 23:00:00,6640.25,6630.63,6637.91,6631.79
"289",2018-10-10 00:00:00,6633.22,6611.39,6631.79,6620.63
"290",2018-10-10 01:00:00,6620.96,6601.94,6620.95,6607.73
"291",2018-10-10 02:00:00,6612.82,6606.07,6607.73,6606.07
"292",2018-10-10 03:00:00,6606.77,6567.72,6606.51,6581.8
"293",2018-10-10 04:00:00,6587.1,6567.01,6581.8,6567.01
"294",2018-10-10 05:00:00,6567.23,6505.44,6567.01,6506.95
"295",2018-10-10 06:00:00,6536.93,6487.86,6506.95,6536.63
"296",2018-10-10 07:00:00,6536.8,6523.06,6536.63,6534.3
"297",2018-10-10 08:00:00,6547.02,6528.13,6534.3,6547
"298",2018-10-10 09:00:00,6557,6543.46,6547.1,6545.94
"299",2018-10-10 10:00:00,6548.2,6533.28,6545.94,6539.31
"300",2018-10-10 11:00:00,6554.6,6537.57,6539.31,6553.42
"301",2018-10-10 12:00:00,6561.07,6551.33,6554.21,6557.21
"302",2018-10-10 13:00:00,6567.92,6555.03,6557.21,6562.8
"303",2018-10-10 14:00:00,6563.52,6550.06,6562.54,6560.38
"304",2018-10-10 15:00:00,6560.41,6544.58,6560.38,6544.68
"305",2018-10-10 16:00:00,6559.77,6542.54,6544.68,6557.51
"306",2018-10-10 17:00:00,6574.44,6551.23,6557.51,6570.43
"307",2018-10-10 18:00:00,6598.86,6566.94,6570.43,6598.86
"308",2018-10-10 19:00:00,6600.07,6587.95,6598.84,6592.54
"309",2018-10-10 20:00:00,6595.31,6588.09,6592.54,6588.09
"310",2018-10-10 21:00:00,6588.77,6566.43,6588.43,6566.91
"311",2018-10-10 22:00:00,6574.51,6565.55,6567.23,6572.41
"312",2018-10-10 23:00:00,6585.7,6571.26,6572.41,6581.07
"313",2018-10-11 00:00:00,6581.59,6514.35,6581.07,6518.69
"314",2018-10-11 01:00:00,6520.02,6171.95,6519.29,6292.71
"315",2018-10-11 02:00:00,6292,6206.14,6291.7,6255.76
"316",2018-10-11 03:00:00,6302.7,6254.72,6255.77,6285.35
"317",2018-10-11 04:00:00,6315.49,6276.76,6285.27,6288
"318",2018-10-11 05:00:00,6294.2,6254.27,6288.54,6269.6
"319",2018-10-11 06:00:00,6269.66,6216.74,6269.6,6248.09
"320",2018-10-11 07:00:00,6267.77,6215.78,6248.09,6258.94
"321",2018-10-11 08:00:00,6274.38,6258.46,6258.94,6259.63
"322",2018-10-11 09:00:00,6266.12,6245.14,6259.71,6266.12
"323",2018-10-11 10:00:00,6266.87,6252.33,6266.12,6263.19
"324",2018-10-11 11:00:00,6263.19,6234.21,6263.19,6234.71
"325",2018-10-11 12:00:00,6259.86,6234.66,6234.71,6248.66
"326",2018-10-11 13:00:00,6282.93,6177.89,6248.62,6262.11
"327",2018-10-11 14:00:00,6291.59,6262.1,6262.22,6267.05
"328",2018-10-11 15:00:00,6274.79,6244.47,6267.27,6249.36
"329",2018-10-11 16:00:00,6265.79,6245.59,6249.36,6264.35
"330",2018-10-11 17:00:00,6282.73,6264.11,6264.29,6267.91
"331",2018-10-11 18:00:00,6270.88,6250.86,6267.4,6250.9
"332",2018-10-11 19:00:00,6257.89,6249.5,6251.05,6252.93
"333",2018-10-11 20:00:00,6267.29,6195.11,6252.81,6258.6
"334",2018-10-11 21:00:00,6261.07,6243.36,6258.6,6255.19
"335",2018-10-11 22:00:00,6256.11,6229.36,6255.19,6246.39
"336",2018-10-11 23:00:00,6252.05,6175,6246.07,6209.47
"337",2018-10-12 00:00:00,6227.21,6173.86,6209.47,6209.53
"338",2018-10-12 01:00:00,6242.67,6207.2,6211.12,6232.68
"339",2018-10-12 02:00:00,6249.33,6230.22,6232.83,6244.51
"340",2018-10-12 03:00:00,6258.5,6234.04,6244.51,6257.53
"341",2018-10-12 04:00:00,6269.97,6251.84,6257.53,6262.37
"342",2018-10-12 05:00:00,6271.06,6248.9,6262.37,6264.84
"343",2018-10-12 06:00:00,6284.04,6262.5,6264.84,6279.81
"344",2018-10-12 07:00:00,6296.56,6270.13,6279.81,6283.66
"345",2018-10-12 08:00:00,6287.22,6273.14,6283.66,6277.98
"346",2018-10-12 09:00:00,6280,6256.74,6278.23,6260.48
"347",2018-10-12 10:00:00,6270.66,6258.33,6260.48,6266.33
"348",2018-10-12 11:00:00,6268.95,6251.51,6266.33,6265.22
"349",2018-10-12 12:00:00,6280.84,6263.53,6264.86,6280.49
"350",2018-10-12 13:00:00,6283.85,6259.49,6281.88,6259.52
"351",2018-10-12 14:00:00,6268.39,6255.99,6259.58,6266.79
"352",2018-10-12 15:00:00,6293.89,6266.33,6266.79,6284.33
"353",2018-10-12 16:00:00,6287.65,6271.98,6285.04,6273.72
"354",2018-10-12 17:00:00,6278.48,6254.14,6273.72,6260.29
"355",2018-10-12 18:00:00,6265.56,6254.7,6260.76,6262.44
"356",2018-10-12 19:00:00,6270.99,6262.17,6262.94,6269.83
"357",2018-10-12 20:00:00,6276.49,6265.82,6270.85,6272.25
"358",2018-10-12 21:00:00,6277.41,6262.23,6272.25,6265.47
"359",2018-10-12 22:00:00,6265.57,6234.21,6265.47,6252.34
"360",2018-10-12 23:00:00,6266.54,6250.74,6253.62,6250.85
"361",2018-10-13 00:00:00,6280.73,6243.76,6252.1,6260.06
"362",2018-10-13 01:00:00,6272.83,6253.72,6260.06,6265.77
"363",2018-10-13 02:00:00,6266.18,6255.68,6265.77,6259.07
"364",2018-10-13 03:00:00,6262.3,6238.92,6259.66,6245.63
"365",2018-10-13 04:00:00,6260.54,6241.78,6245.03,6256.83
"366",2018-10-13 05:00:00,6268.06,6256.38,6257.09,6260.12
"367",2018-10-13 06:00:00,6264.79,6256.91,6260.77,6260.59
"368",2018-10-13 07:00:00,6262.52,6250.88,6261.22,6257.85
"369",2018-10-13 08:00:00,6258.71,6253.41,6258.7,6257.8
"370",2018-10-13 09:00:00,6270.71,6254.98,6257.8,6266.39
"371",2018-10-13 10:00:00,6278.54,6263.77,6266.39,6268.17
"372",2018-10-13 11:00:00,6274.23,6256.63,6268.27,6256.91
"373",2018-10-13 12:00:00,6261,6241.7,6256.91,6260.84
"374",2018-10-13 13:00:00,6264.17,6251.09,6260.84,6252.38
"375",2018-10-13 14:00:00,6265.18,6250.87,6252.38,6263.96
"376",2018-10-13 15:00:00,6265.3,6257.78,6263.96,6262.4
"377",2018-10-13 16:00:00,6268.48,6260.04,6262.4,6264.46
"378",2018-10-13 17:00:00,6266.28,6260.77,6264.46,6261.16
"379",2018-10-13 18:00:00,6266.61,6244.66,6261.16,6244.66
"380",2018-10-13 19:00:00,6262.38,6244.83,6245.18,6259.94
"381",2018-10-13 20:00:00,6264.45,6251.37,6259.94,6256.71
"382",2018-10-13 21:00:00,6264.47,6254.84,6256.83,6259.12
"383",2018-10-13 22:00:00,6270.77,6257.23,6261.05,6264.76
"384",2018-10-13 23:00:00,6269.35,6260.5,6265.13,6267.27
"385",2018-10-14 00:00:00,6272.39,6261.14,6267.27,6271.21
"386",2018-10-14 01:00:00,6271.97,6262.87,6271.97,6263.47
"387",2018-10-14 02:00:00,6271.12,6262.5,6263.87,6267.89
"388",2018-10-14 03:00:00,6296.7,6265.78,6267.89,6292.43
"389",2018-10-14 04:00:00,6346.56,6291.99,6292.43,6322.56
"390",2018-10-14 05:00:00,6334.22,6315.28,6323.18,6315.71
"391",2018-10-14 06:00:00,6324.92,6312.22,6316.03,6312.86
"392",2018-10-14 07:00:00,6321.47,6311.84,6313.36,6313.06
"393",2018-10-14 08:00:00,6315.85,6310.89,6313.06,6315.36
"394",2018-10-14 09:00:00,6317.92,6294.64,6315.49,6301.81
"395",2018-10-14 10:00:00,6302.31,6288.84,6301.77,6292.46
"396",2018-10-14 11:00:00,6298.68,6285.58,6293.6,6294.3
"397",2018-10-14 12:00:00,6310.05,6291.5,6294.56,6308.28
"398",2018-10-14 13:00:00,6309.55,6300.18,6308.28,6301.48
"399",2018-10-14 14:00:00,6304.78,6299.54,6301.48,6304.73
"400",2018-10-14 15:00:00,6317.47,6301.41,6304.73,6315.58
"401",2018-10-14 16:00:00,6325.83,6314.82,6315.58,6325.17
"402",2018-10-14 17:00:00,6327.14,6315.72,6325.17,6317.01
"403",2018-10-14 18:00:00,6331.57,6316.12,6317.01,6325.74
"404",2018-10-14 19:00:00,6337.36,6324.3,6326.14,6334.76
"405",2018-10-14 20:00:00,6340.46,6289.55,6335.34,6304.39
"406",2018-10-14 21:00:00,6304.94,6290.91,6304.87,6295.93
"407",2018-10-14 22:00:00,6307.62,6294.15,6295.92,6297.41
"408",2018-10-14 23:00:00,6301.79,6247.17,6297.41,6277.73
"409",2018-10-15 00:00:00,6290.67,6244.77,6277.73,6288.13
"410",2018-10-15 01:00:00,6313.36,6287.85,6288.13,6309.1
"411",2018-10-15 02:00:00,6309.1,6295.91,6309.1,6299.06
"412",2018-10-15 03:00:00,6310.16,6297.6,6299.06,6309.89
"413",2018-10-15 04:00:00,6315.01,6306.88,6309.89,6310.54
"414",2018-10-15 05:00:00,6587.26,6308.19,6310.54,6537.83
"415",2018-10-15 06:00:00,7234.83,6537.74,6537.83,7044.61
"416",2018-10-15 07:00:00,7049.39,6660.43,7044.61,6661.34
"417",2018-10-15 08:00:00,6730.2,6617.69,6661.34,6636.17
"418",2018-10-15 09:00:00,6652.58,6561.19,6636.17,6646.49
"419",2018-10-15 10:00:00,6718.35,6630.25,6646.49,6685.74
"420",2018-10-15 11:00:00,6764.11,6678.86,6685.74,6704.06
"421",2018-10-15 12:00:00,6728.59,6655.17,6704.06,6692.15
"422",2018-10-15 13:00:00,6714.13,6668.59,6692.23,6697.34
"423",2018-10-15 14:00:00,6698.12,6635.16,6697.34,6647.03
"424",2018-10-15 15:00:00,6676.54,6644.03,6647.03,6669.93
"425",2018-10-15 16:00:00,6708.43,6668.65,6669.93,6688.11
"426",2018-10-15 17:00:00,6701.01,6651.22,6688.11,6657.85
"427",2018-10-15 18:00:00,6675.4,6612.85,6657.98,6613.77
"428",2018-10-15 19:00:00,6629.95,6584.37,6613.77,6584.85
"429",2018-10-15 20:00:00,6599.89,6548.72,6584.91,6571.9
"430",2018-10-15 21:00:00,6591.26,6537.8,6571.9,6542.61
"431",2018-10-15 22:00:00,6610.89,6536.64,6542.82,6593.71
"432",2018-10-15 23:00:00,6638.52,6593.13,6593.71,6612.36
"433",2018-10-16 00:00:00,6612.99,6583.3,6612.69,6600.73
"434",2018-10-16 01:00:00,6608.32,6578.8,6600.91,6588.59
"435",2018-10-16 02:00:00,6606.65,6586.57,6588.64,6605.76
"436",2018-10-16 03:00:00,6616.22,6597.72,6605.74,6597.72
"437",2018-10-16 04:00:00,6607.35,6588.46,6597.72,6595.07
"438",2018-10-16 05:00:00,6692.83,6588.69,6595.07,6686.96
"439",2018-10-16 06:00:00,6724.91,6662.33,6686.96,6664.12
"440",2018-10-16 07:00:00,6683.29,6650.18,6664.06,6663.94
"441",2018-10-16 08:00:00,6666.79,6596.86,6666.79,6615.56
"442",2018-10-16 09:00:00,6626.22,6604.74,6615.56,6609.6
"443",2018-10-16 10:00:00,6623.48,6604.43,6609.6,6623.19
"444",2018-10-16 11:00:00,6638.29,6609.11,6624.88,6633.25
"445",2018-10-16 12:00:00,6634.71,6591.61,6633.91,6602.94
"446",2018-10-16 13:00:00,6630.04,6600.09,6602.94,6608.33
"447",2018-10-16 14:00:00,6612.34,6586.94,6608.33,6589.17
"448",2018-10-16 15:00:00,6600.23,6587.21,6590.14,6587.55
"449",2018-10-16 16:00:00,6590.42,6545.54,6587.55,6564.78
"450",2018-10-16 17:00:00,6580.41,6562,6564.78,6579.19
"451",2018-10-16 18:00:00,6588.81,6572.3,6579.19,6586.85
"452",2018-10-16 19:00:00,6589.44,6563.76,6586.85,6582.01
"453",2018-10-16 20:00:00,6583.83,6566.03,6582.01,6576.23
"454",2018-10-16 21:00:00,6578.4,6558.1,6578.4,6576.38
"455",2018-10-16 22:00:00,6578.44,6556.86,6576.38,6570.28
"456",2018-10-16 23:00:00,6608.57,6563.33,6571.06,6583.05
"457",2018-10-17 00:00:00,6583.05,6565.54,6583.05,6576.44
"458",2018-10-17 01:00:00,6589.2,6572.66,6577.09,6573.04
"459",2018-10-17 02:00:00,6575.03,6559.63,6573.04,6568.08
"460",2018-10-17 03:00:00,6588.03,6566.96,6568.08,6580.96
"461",2018-10-17 04:00:00,6583.99,6569.42,6581.37,6583.83
"462",2018-10-17 05:00:00,6587.18,6562.88,6583.83,6566.55
"463",2018-10-17 06:00:00,6570.01,6556.59,6566.54,6559.29
"464",2018-10-17 07:00:00,6559.29,6540.16,6559.29,6546.55
"465",2018-10-17 08:00:00,6558.49,6539,6546.55,6557.75
"466",2018-10-17 09:00:00,6557.87,6522.25,6557.87,6541.3
"467",2018-10-17 10:00:00,6543.03,6518.2,6541.3,6529.01
"468",2018-10-17 11:00:00,6544.32,6511.6,6529.08,6544.32
"469",2018-10-17 12:00:00,6547.14,6524.04,6544.62,6538.85
"470",2018-10-17 13:00:00,6539.86,6520.14,6538.85,6531.83
"471",2018-10-17 14:00:00,6557.8,6523.15,6533.03,6546.55
"472",2018-10-17 15:00:00,6551.97,6539.11,6546.75,6551.58
"473",2018-10-17 16:00:00,6556.76,6545.13,6551.58,6556.75
"474",2018-10-17 17:00:00,6557.37,6546.94,6556.75,6551.41
"475",2018-10-17 18:00:00,6552.51,6542.73,6552.03,6548.49
"476",2018-10-17 19:00:00,6554.46,6537.19,6548.51,6537.41
"477",2018-10-17 20:00:00,6561.18,6536.5,6537.41,6559.63
"478",2018-10-17 21:00:00,6568.06,6555.33,6560.84,6566.6
"479",2018-10-17 22:00:00,6578.1,6566.64,6568.04,6567.38
"480",2018-10-17 23:00:00,6575.4,6561.7,6569.55,6574.52
"481",2018-10-18 00:00:00,6576.4,6560.31,6576.4,6571.04
"482",2018-10-18 01:00:00,6585.42,6564.82,6571.36,6573.12
"483",2018-10-18 02:00:00,6578.57,6571.36,6574.49,6573.91
"484",2018-10-18 03:00:00,6616.27,6572.02,6573.91,6592.68
"485",2018-10-18 04:00:00,6593.95,6581.34,6592.68,6584.19
"486",2018-10-18 05:00:00,6585.95,6568.41,6584.19,6576.48
"487",2018-10-18 06:00:00,6579.81,6568.33,6576.48,6575.29
"488",2018-10-18 07:00:00,6577.75,6564.79,6575.9,6565.49
"489",2018-10-18 08:00:00,6566.66,6542.31,6565.49,6560.13
"490",2018-10-18 09:00:00,6566.63,6554.18,6560.13,6562.37
"491",2018-10-18 10:00:00,6566.01,6556.59,6564.51,6561.94
"492",2018-10-18 11:00:00,6563.11,6541.93,6561.94,6546.74
"493",2018-10-18 12:00:00,6560.14,6541.11,6546.74,6553.13
"494",2018-10-18 13:00:00,6555.47,6545.52,6553.13,6552.13
"495",2018-10-18 14:00:00,6554.26,6546.18,6552.13,6546.59
"496",2018-10-18 15:00:00,6549.2,6530.02,6546.59,6549.04
"497",2018-10-18 16:00:00,6550.07,6542.3,6549.04,6547.75
"498",2018-10-18 17:00:00,6552.18,6468.72,6547.75,6499.07
"499",2018-10-18 18:00:00,6511.51,6479.7,6499.39,6491.44
"500",2018-10-18 19:00:00,6495.29,6471.98,6491.32,6493.97
"501",2018-10-18 20:00:00,6494.7,6481.07,6494.63,6483.95
"502",2018-10-18 21:00:00,6484.47,6460.64,6483.95,6462.5
"503",2018-10-18 22:00:00,6477.91,6445.05,6462.5,6469.12
"504",2018-10-18 23:00:00,6497.04,6469.49,6469.65,6488.72
"505",2018-10-19 00:00:00,6503.09,6479.01,6489.37,6497.65
"506",2018-10-19 01:00:00,6497.65,6471.97,6497.65,6475.15
"507",2018-10-19 02:00:00,6494.55,6472.69,6475.34,6490.42
"508",2018-10-19 03:00:00,6491.54,6477.95,6490.42,6480.61
"509",2018-10-19 04:00:00,6494.75,6478.42,6480.61,6491.94
"510",2018-10-19 05:00:00,6492.66,6460.48,6492.66,6461.14
"511",2018-10-19 06:00:00,6470.92,6449.36,6461.39,6464.09
"512",2018-10-19 07:00:00,6470.38,6455.35,6465.58,6455.64
"513",2018-10-19 08:00:00,6481.89,6452.58,6455.64,6470.87
"514",2018-10-19 09:00:00,6483.52,6466.29,6471.4,6475.15
"515",2018-10-19 10:00:00,6491.73,6472.49,6475.43,6481.67
"516",2018-10-19 11:00:00,6484.62,6471.78,6481.49,6478.1
"517",2018-10-19 12:00:00,6478.46,6450.43,6478.46,6466.23
"518",2018-10-19 13:00:00,6480.03,6465.78,6466.35,6476.52
"519",2018-10-19 14:00:00,6480.59,6465.38,6476.52,6465.38
"520",2018-10-19 15:00:00,6480.22,6461.29,6465.38,6473.67
"521",2018-10-19 16:00:00,6490.73,6469.23,6474.37,6478.32
"522",2018-10-19 17:00:00,6485.15,6474.21,6482.55,6474.23
"523",2018-10-19 18:00:00,6491.25,6474.74,6475.34,6484.11
"524",2018-10-19 19:00:00,6487.86,6471.94,6485.25,6472.36
"525",2018-10-19 20:00:00,6474.61,6456.37,6472.99,6463.07
"526",2018-10-19 21:00:00,6471.06,6461.01,6463.07,6466.2
"527",2018-10-19 22:00:00,6471.8,6464.92,6466.2,6469.79
"528",2018-10-19 23:00:00,6481.32,6467.47,6469.75,6469.28
"529",2018-10-20 00:00:00,6470.13,6457.34,6469.28,6462.25
"530",2018-10-20 01:00:00,6484.7,6458.05,6462.25,6481.97
"531",2018-10-20 02:00:00,6490.09,6473.08,6481.97,6475.71
"532",2018-10-20 03:00:00,6480.5,6467.45,6475.71,6469.14
"533",2018-10-20 04:00:00,6478.71,6466.73,6469.14,6476.91
"534",2018-10-20 05:00:00,6479.82,6467.66,6476.91,6472.47
"535",2018-10-20 06:00:00,6514.63,6469.83,6472.48,6502.78
"536",2018-10-20 07:00:00,6507.43,6493.21,6502.79,6494.95
"537",2018-10-20 08:00:00,6497.34,6486.64,6495.38,6492.87
"538",2018-10-20 09:00:00,6499.02,6488.94,6493.1,6492.18
"539",2018-10-20 10:00:00,6492.65,6481.22,6492.43,6486.01
"540",2018-10-20 11:00:00,6495.8,6481.49,6486.01,6492.14
"541",2018-10-20 12:00:00,6503.24,6481.35,6492.86,6486.69
"542",2018-10-20 13:00:00,6502.19,6484.41,6487.29,6496.41
"543",2018-10-20 14:00:00,6501.12,6484.4,6496.45,6485.75
"544",2018-10-20 15:00:00,6491.55,6467.06,6485.75,6471.29
"545",2018-10-20 16:00:00,6477.34,6468.33,6472.28,6472.39
"546",2018-10-20 17:00:00,6477.69,6467.6,6472.63,6474.56
"547",2018-10-20 18:00:00,6482.91,6469.62,6474.84,6475.06
"548",2018-10-20 19:00:00,6620.03,6398.62,6490.9,6476.48
"549",2018-10-20 20:00:00,6580.51,6395.45,6476.48,6449.62
"550",2018-10-20 21:00:00,6645.2,6409.58,6449.62,6571.86
"551",2018-10-20 22:00:00,6609.03,6425.16,6571.86,6519.14
"552",2018-10-20 23:00:00,6491.29,6476.48,6488.78,6490.56
"553",2018-10-21 00:00:00,6502.31,6474.47,6490.6,6502.28
"554",2018-10-21 01:00:00,6537.85,6493.74,6503.69,6516.74
"555",2018-10-21 02:00:00,6523.52,6510.69,6516.74,6523.14
"556",2018-10-21 03:00:00,6527.19,6507.79,6523.14,6514.97
"557",2018-10-21 04:00:00,6525.77,6508.14,6514.97,6514.78
"558",2018-10-21 05:00:00,6517.19,6505.1,6515.23,6512.33
"559",2018-10-21 06:00:00,6522.63,6505.24,6512.33,6515.44
"560",2018-10-21 07:00:00,6518.41,6506.75,6515.77,6513.45
"561",2018-10-21 08:00:00,6531.31,6511.24,6513.1,6521.18
"562",2018-10-21 09:00:00,6532.74,6519.27,6521.06,6527.95
"563",2018-10-21 10:00:00,6547.42,6526.83,6526.95,6545.6
"564",2018-10-21 11:00:00,6547.63,6532.88,6545.57,6532.94
"565",2018-10-21 12:00:00,6543.55,6528.7,6532.94,6539.76
"566",2018-10-21 13:00:00,6547.43,6536.84,6539.89,6542.93
"567",2018-10-21 14:00:00,6557.39,6541.82,6542.93,6553.24
"568",2018-10-21 15:00:00,6555.82,6544.74,6554.68,6548.68
"569",2018-10-21 16:00:00,6554.74,6544.04,6549.96,6544.04
"570",2018-10-21 17:00:00,6546.27,6536.35,6543.86,6541.43
"571",2018-10-21 18:00:00,6544.87,6536.15,6541.47,6537.65
"572",2018-10-21 19:00:00,6540.55,6536.2,6537.47,6538.82
"573",2018-10-21 20:00:00,6542.45,6537.07,6539.59,6540.79
"574",2018-10-21 21:00:00,6544.03,6534.01,6541.09,6534.54
"575",2018-10-21 22:00:00,6534.54,6512.44,6534.54,6519.49
"576",2018-10-21 23:00:00,6520.25,6505.93,6520.25,6509.87
"577",2018-10-22 00:00:00,6517.27,6490.91,6509.87,6508.98
"578",2018-10-22 01:00:00,6521.91,6502.23,6508.79,6518.84
"579",2018-10-22 02:00:00,6521.67,6508.26,6519.14,6512.88
"580",2018-10-22 03:00:00,6513.77,6506.3,6512.89,6509.77
"581",2018-10-22 04:00:00,6531.23,6507.37,6509.77,6518.89
"582",2018-10-22 05:00:00,6525.65,6513.92,6518.89,6513.97
"583",2018-10-22 06:00:00,6523.38,6510.56,6513.94,6521.31
"584",2018-10-22 07:00:00,6522.56,6504.6,6521.74,6507.99
"585",2018-10-22 08:00:00,6511.19,6486.56,6507.99,6490.33
"586",2018-10-22 09:00:00,6495.84,6488.54,6490.37,6494.37
"587",2018-10-22 10:00:00,6495.73,6484.79,6494.55,6493.95
"588",2018-10-22 11:00:00,6494.43,6483.85,6493.84,6487.27
"589",2018-10-22 12:00:00,6487.75,6481.13,6487.27,6485.2
"590",2018-10-22 13:00:00,6486.71,6460.38,6485.1,6479.19
"591",2018-10-22 14:00:00,6483.77,6467.51,6479.21,6475.55
"592",2018-10-22 15:00:00,6484.47,6475,6475.55,6476.48
"593",2018-10-22 16:00:00,6484.52,6476.09,6477.04,6483.35
"594",2018-10-22 17:00:00,6488.84,6481.95,6483.35,6482.89
"595",2018-10-22 18:00:00,6485.04,6469.52,6482.92,6474.34
"596",2018-10-22 19:00:00,6476.9,6467.97,6473.69,6471.46
"597",2018-10-22 20:00:00,6492.82,6469.27,6471.46,6492.22
"598",2018-10-22 21:00:00,6493.26,6481.8,6492.58,6483.27
"599",2018-10-22 22:00:00,6484.96,6480.04,6483.26,6484.48
"600",2018-10-22 23:00:00,6486.37,6480.47,6484.48,6483.23
"601",2018-10-23 00:00:00,6489.93,6480.7,6484.32,6489.58
"602",2018-10-23 01:00:00,6490.71,6480.79,6489.5,6487.35
"603",2018-10-23 02:00:00,6488.77,6474.37,6488.08,6486.84
"604",2018-10-23 03:00:00,6486.84,6463.04,6486.84,6469.6
"605",2018-10-23 04:00:00,6480.04,6468.58,6469.6,6479.91
"606",2018-10-23 05:00:00,6484.75,6474.31,6479.79,6478.56
"607",2018-10-23 06:00:00,6480.85,6468.6,6478.56,6478
"608",2018-10-23 07:00:00,6478.88,6468.04,6478,6468.04
"609",2018-10-23 08:00:00,6478.34,6466.25,6468.04,6470.69
"610",2018-10-23 09:00:00,6475.53,6452.21,6470.79,6462.82
"611",2018-10-23 10:00:00,6463.83,6438.99,6462.48,6452.34
"612",2018-10-23 11:00:00,6459.55,6449.95,6452.34,6450.77
"613",2018-10-23 12:00:00,6486.24,6447.5,6450.7,6475.31
"614",2018-10-23 13:00:00,6483,6470.48,6475.31,6471.19
"615",2018-10-23 14:00:00,6477.36,6463.49,6470.66,6465.51
"616",2018-10-23 15:00:00,6477.24,6465.09,6465.94,6467.69
"617",2018-10-23 16:00:00,6482.38,6467.24,6468.08,6476.43
"618",2018-10-23 17:00:00,6477.26,6464.26,6476.94,6465.95
"619",2018-10-23 18:00:00,6473.95,6464.86,6466.89,6473.34
"620",2018-10-23 19:00:00,6496.2,6468.21,6473.34,6485.06
"621",2018-10-23 20:00:00,6487.93,6469.96,6485.05,6470.21
"622",2018-10-23 21:00:00,6479.57,6468.54,6470.39,6473.39
"623",2018-10-23 22:00:00,6474.88,6464.04,6473.39,6471.41
"624",2018-10-23 23:00:00,6477.35,6469.64,6470.51,6470.22
"625",2018-10-24 00:00:00,6481.65,6465.73,6470.63,6480.9
"626",2018-10-24 01:00:00,6482.83,6474.78,6480.9,6475.68
"627",2018-10-24 02:00:00,6482.86,6468.95,6475.68,6482.54
"628",2018-10-24 03:00:00,6494.92,6479.98,6483.11,6487.7
"629",2018-10-24 04:00:00,6538.35,6484.94,6487.7,6533.07
"630",2018-10-24 05:00:00,6535.46,6513.98,6533.3,6519.77
"631",2018-10-24 06:00:00,6524.39,6515.21,6519.77,6516.49
"632",2018-10-24 07:00:00,6517.92,6501.02,6517.76,6511.38
"633",2018-10-24 08:00:00,6519.32,6505.07,6511.38,6506.2
"634",2018-10-24 09:00:00,6506.73,6499.66,6506.2,6506.56
"635",2018-10-24 10:00:00,6521.51,6505.19,6507.18,6514.93
"636",2018-10-24 11:00:00,6516.75,6498.7,6514.93,6501.81
"637",2018-10-24 12:00:00,6509.02,6498.39,6502.6,6506.65
"638",2018-10-24 13:00:00,6511.7,6501.46,6507,6501.82
"639",2018-10-24 14:00:00,6510.65,6501.46,6501.82,6507.85
"640",2018-10-24 15:00:00,6508.67,6486.71,6507.9,6486.81
"641",2018-10-24 16:00:00,6498.15,6481.44,6486.81,6494.52
"642",2018-10-24 17:00:00,6496.9,6486.63,6494.52,6495.16
"643",2018-10-24 18:00:00,6499.79,6490.6,6494.86,6491.68
"644",2018-10-24 19:00:00,6493.5,6475.42,6491.68,6488.87
"645",2018-10-24 20:00:00,6498.24,6483.98,6489.49,6491.62
"646",2018-10-24 21:00:00,6493.2,6486.58,6492.04,6491.56
"647",2018-10-24 22:00:00,6494.04,6480.31,6491.56,6481.12
"648",2018-10-24 23:00:00,6481.46,6469.75,6481.12,6476.25
"649",2018-10-25 00:00:00,6485.9,6471.9,6476.52,6485.56
"650",2018-10-25 01:00:00,6497.9,6432.3,6485.56,6454.11
"651",2018-10-25 02:00:00,6460.49,6448.61,6453.78,6459.38
"652",2018-10-25 03:00:00,6461.84,6450.03,6459.38,6459.16
"653",2018-10-25 04:00:00,6470.14,6457.68,6459.16,6468.94
"654",2018-10-25 05:00:00,6469.85,6454.56,6468.87,6464.79
"655",2018-10-25 06:00:00,6475.48,6463.61,6464.79,6473.79
"656",2018-10-25 07:00:00,6479.73,6471.72,6473.73,6476.65
"657",2018-10-25 08:00:00,6482.95,6471.5,6476.65,6477.88
"658",2018-10-25 09:00:00,6478.83,6465.4,6477.88,6469.49
"659",2018-10-25 10:00:00,6470.86,6456.13,6469.49,6466.06
"660",2018-10-25 11:00:00,6476.32,6461.26,6466.08,6467.62
"661",2018-10-25 12:00:00,6476.39,6461.89,6467.62,6474.46
"662",2018-10-25 13:00:00,6485.55,6473.57,6475.53,6483.94
"663",2018-10-25 14:00:00,6488.74,6473.58,6484.04,6476.22
"664",2018-10-25 15:00:00,6477.97,6467.7,6476.74,6469.95
"665",2018-10-25 16:00:00,6477.19,6467.89,6470.48,6473.81
"666",2018-10-25 17:00:00,6477.94,6469.24,6473.81,6470.84
"667",2018-10-25 18:00:00,6486.75,6470.84,6470.84,6485.39
"668",2018-10-25 19:00:00,6486.68,6477.62,6486.48,6477.95
"669",2018-10-25 20:00:00,6481.1,6468.69,6477.95,6473.28
"670",2018-10-25 21:00:00,6478.23,6468.41,6474.01,6470.89
"671",2018-10-25 22:00:00,6483.5,6469.93,6470.89,6482.82
"672",2018-10-25 23:00:00,6484.51,6462.76,6483.29,6462.77
"673",2018-10-26 00:00:00,6474.03,6458.26,6462.77,6470.55
"674",2018-10-26 01:00:00,6470.55,6458.78,6470.55,6458.95
"675",2018-10-26 02:00:00,6467.85,6457.28,6458.95,6462.22
"676",2018-10-26 03:00:00,6468.46,6456.93,6462.22,6459.98
"677",2018-10-26 04:00:00,6462,6450.92,6459.98,6454.11
"678",2018-10-26 05:00:00,6465.72,6451.33,6454.11,6458.29
"679",2018-10-26 06:00:00,6461.51,6453.51,6458.29,6459.08
"680",2018-10-26 07:00:00,6459.11,6445.3,6459.08,6448.65
"681",2018-10-26 08:00:00,6514,6445.13,6448.65,6497.22
"682",2018-10-26 09:00:00,6498.83,6472.41,6497.22,6474.68
"683",2018-10-26 10:00:00,6481.7,6469.87,6474.68,6480.48
"684",2018-10-26 11:00:00,6487.94,6475.34,6480.53,6477.45
"685",2018-10-26 12:00:00,6477.85,6462.7,6477.69,6464.8
"686",2018-10-26 13:00:00,6466.95,6445.13,6464.75,6451.28
"687",2018-10-26 14:00:00,6459.56,6441.81,6451.28,6459.06
"688",2018-10-26 15:00:00,6467.47,6446.57,6459.06,6446.77
"689",2018-10-26 16:00:00,6465.68,6444.24,6446.77,6462.59
"690",2018-10-26 17:00:00,6465.82,6458.96,6463.01,6461.17
"691",2018-10-26 18:00:00,6468.58,6454.58,6461.33,6458.89
"692",2018-10-26 19:00:00,6466.78,6455.42,6458.8,6460.03
"693",2018-10-26 20:00:00,6462.96,6458.94,6460.03,6461.9
"694",2018-10-26 21:00:00,6462.62,6451.36,6461.9,6457.75
"695",2018-10-26 22:00:00,6461.68,6456.18,6457.75,6458.52
"696",2018-10-26 23:00:00,6462.61,6448.22,6458.97,6457.21
"697",2018-10-27 00:00:00,6463.31,6455.41,6457.21,6461.22
"698",2018-10-27 01:00:00,6468.1,6460.4,6461.45,6464.1
"699",2018-10-27 02:00:00,6473.99,6460.46,6464.17,6473.79
"700",2018-10-27 03:00:00,6475.49,6464.14,6474.05,6470.42
"701",2018-10-27 04:00:00,6473.7,6461.6,6470.42,6469.61
"702",2018-10-27 05:00:00,6474.37,6462.4,6469.61,6469.29
"703",2018-10-27 06:00:00,6475.18,6465.27,6469.29,6472.11
"704",2018-10-27 07:00:00,6478.38,6467.06,6472.16,6470.16
"705",2018-10-27 08:00:00,6477.87,6462.41,6470.16,6464.64
"706",2018-10-27 09:00:00,6475.9,6459.6,6465.01,6465.33
"707",2018-10-27 10:00:00,6474.67,6456.51,6465.33,6461.7
"708",2018-10-27 11:00:00,6464.4,6452.4,6461.7,6460.98
"709",2018-10-27 12:00:00,6469.57,6456.6,6460.98,6461.43
"710",2018-10-27 13:00:00,6466.95,6453.97,6461.43,6453.97
"711",2018-10-27 14:00:00,6458.84,6447.51,6453.97,6454.97
"712",2018-10-27 15:00:00,6462.09,6445.95,6454.97,6455.22
"713",2018-10-27 16:00:00,6459.9,6446.69,6455.22,6459.68
"714",2018-10-27 17:00:00,6468.07,6454.32,6459.68,6461.91
"715",2018-10-27 18:00:00,6464.5,6455.88,6461.24,6457.04
"716",2018-10-27 19:00:00,6462.08,6455.8,6457.02,6459.83
"717",2018-10-27 20:00:00,6466.17,6454.45,6459.83,6459.72
"718",2018-10-27 21:00:00,6478.49,6459.74,6459.74,6478.09
"719",2018-10-27 22:00:00,6479,6460.99,6478.09,6472.23
"720",2018-10-27 23:00:00,6472.5,6466,6472.23,6470.17
"721",2018-10-28 00:00:00,6470.62,6463.35,6470.17,6466.68
"722",2018-10-28 01:00:00,6468.89,6462.57,6466.84,6463.22
"723",2018-10-28 02:00:00,6470.99,6462.37,6463.22,6469.79
"724",2018-10-28 03:00:00,6470.32,6460.81,6469.79,6464.19
"725",2018-10-28 04:00:00,6474.25,6464.11,6464.19,6473.72
"726",2018-10-28 05:00:00,6477.83,6466.82,6473.59,6477.83
"727",2018-10-28 06:00:00,6483.24,6464.45,6477.83,6466.33
"728",2018-10-28 07:00:00,6474.33,6458.31,6466.33,6470.35
"729",2018-10-28 08:00:00,6471.55,6461.01,6470.35,6467.7
"730",2018-10-28 09:00:00,6476.01,6462.26,6467.7,6463.54
"731",2018-10-28 10:00:00,6469.87,6457.94,6463.6,6464.56
"732",2018-10-28 11:00:00,6470.39,6462.08,6464.56,6464.43
"733",2018-10-28 12:00:00,6469.58,6463.82,6464.43,6467.72
"734",2018-10-28 13:00:00,6476.3,6466,6467.67,6474.18
"735",2018-10-28 14:00:00,6478.6,6470.53,6474.18,6474.79
"736",2018-10-28 15:00:00,6478.49,6461.87,6475.54,6462.07
"737",2018-10-28 16:00:00,6470.25,6457.32,6462.07,6468.8
"738",2018-10-28 17:00:00,6476.63,6465.24,6468.34,6467.48
"739",2018-10-28 18:00:00,6468.66,6459.81,6467.88,6464.69
"740",2018-10-28 19:00:00,6466.78,6448.11,6464.69,6452.12
"741",2018-10-28 20:00:00,6459.9,6444.74,6452.12,6457.77
"742",2018-10-28 21:00:00,6461.48,6451.94,6457.85,6455.55
"743",2018-10-28 22:00:00,6461.33,6454.24,6455.56,6460.29
"744",2018-10-28 23:00:00,6481.31,6458.25,6460.29,6470.74
"745",2018-10-29 00:00:00,6474.4,6465.17,6470.74,6472.54
"746",2018-10-29 01:00:00,6472.9,6462.39,6472.82,6467.07
"747",2018-10-29 02:00:00,6483.39,6465.3,6467.07,6478.78
"748",2018-10-29 03:00:00,6483.28,6474.88,6478.78,6479.16
"749",2018-10-29 04:00:00,6480.33,6472.32,6479.16,6475.23
"750",2018-10-29 05:00:00,6477.53,6471.66,6475.23,6475.82
"751",2018-10-29 06:00:00,6479.11,6473.32,6475.82,6475.53
"752",2018-10-29 07:00:00,6476.34,6467.94,6475.86,6468.1
"753",2018-10-29 08:00:00,6469.98,6459.22,6468.31,6464.66
"754",2018-10-29 09:00:00,6464.89,6448.63,6464.65,6449.46
"755",2018-10-29 10:00:00,6459.84,6448.82,6449.61,6458.68
"756",2018-10-29 11:00:00,6460.85,6363.55,6458.93,6393.39
"757",2018-10-29 12:00:00,6393.39,6282.58,6393.39,6320.35
"758",2018-10-29 13:00:00,6351.77,6316.97,6320.33,6330.22
"759",2018-10-29 14:00:00,6336.68,6317.05,6330.34,6327.51
"760",2018-10-29 15:00:00,6341.33,6326.05,6327.51,6341.33
"761",2018-10-29 16:00:00,6341.59,6325.89,6341.33,6332.68
"762",2018-10-29 17:00:00,6333.33,6313.83,6332.68,6316.65
"763",2018-10-29 18:00:00,6322.43,6315.18,6316.73,6319.06
"764",2018-10-29 19:00:00,6319.17,6290.64,6319.06,6301.89
"765",2018-10-29 20:00:00,6311.2,6290.26,6301.89,6293
"766",2018-10-29 21:00:00,6299.48,6285.09,6293.11,6289.88
"767",2018-10-29 22:00:00,6312.04,6289.01,6289.89,6311.92
"768",2018-10-29 23:00:00,6314.53,6307.49,6311.75,6313.91
"769",2018-10-30 00:00:00,6320.01,6313.91,6314.38,6316.97
"770",2018-10-30 01:00:00,6322.99,6306.57,6316.93,6310.53
"771",2018-10-30 02:00:00,6321.65,6307.68,6310.53,6314.77
"772",2018-10-30 03:00:00,6333.51,6313.72,6314.99,6323.86
"773",2018-10-30 04:00:00,6339.55,6321.91,6323.93,6339.45
"774",2018-10-30 05:00:00,6340.68,6320,6339.45,6325.47
"775",2018-10-30 06:00:00,6334.93,6325.23,6325.47,6332.04
"776",2018-10-30 07:00:00,6340.66,6322.59,6332.52,6325.24
"777",2018-10-30 08:00:00,6326.75,6305.98,6325.24,6310.71
"778",2018-10-30 09:00:00,6312.82,6297.23,6310.71,6303.67
"779",2018-10-30 10:00:00,6319.21,6300.2,6303.67,6318.99
"780",2018-10-30 11:00:00,6323.87,6296.28,6319.71,6313.4
"781",2018-10-30 12:00:00,6326.59,6308.25,6312.65,6319.89
"782",2018-10-30 13:00:00,6323.09,6313.6,6320.44,6314.97
"783",2018-10-30 14:00:00,6320.19,6301.59,6315.56,6310.2
"784",2018-10-30 15:00:00,6325.94,6303.52,6310.2,6316.96
"785",2018-10-30 16:00:00,6321.04,6302.8,6315.81,6308.27
"786",2018-10-30 17:00:00,6314.45,6303.21,6308.27,6305.77
"787",2018-10-30 18:00:00,6310.59,6286.3,6305.86,6298.74
"788",2018-10-30 19:00:00,6309.32,6294.67,6298.74,6299.66
"789",2018-10-30 20:00:00,6314.42,6297.63,6299.66,6312.1
"790",2018-10-30 21:00:00,6316.27,6303.77,6312.1,6305.7
"791",2018-10-30 22:00:00,6324.27,6295.94,6306.06,6307.46
"792",2018-10-30 23:00:00,6315.31,6304.24,6307.46,6309.11
"793",2018-10-31 00:00:00,6316.08,6305.61,6309.11,6316.08
"794",2018-10-31 01:00:00,6315.88,6301.74,6315.68,6302.99
"795",2018-10-31 02:00:00,6310.55,6300.07,6302.99,6310.54
"796",2018-10-31 03:00:00,6311,6300.51,6310.99,6303.93
"797",2018-10-31 04:00:00,6308.45,6295.42,6303.93,6308.25
"798",2018-10-31 05:00:00,6312.48,6303.34,6308.25,6309.76
"799",2018-10-31 06:00:00,6311.55,6298.01,6309.76,6305.86
"800",2018-10-31 07:00:00,6308.18,6297.26,6305.78,6298.31
"801",2018-10-31 08:00:00,6303.67,6291.69,6298.31,6303.54
"802",2018-10-31 09:00:00,6304.11,6294.09,6303.78,6299.74
"803",2018-10-31 10:00:00,6310.32,6295.42,6299.74,6310.32
"804",2018-10-31 11:00:00,6312.04,6297.92,6310.45,6303.58
"805",2018-10-31 12:00:00,6312.64,6300.33,6303.58,6301
"806",2018-10-31 13:00:00,6309.04,6292.93,6301,6292.99
"807",2018-10-31 14:00:00,6299.53,6256.42,6292.99,6256.42
"808",2018-10-31 15:00:00,6391.25,6241.49,6254.95,6363.44
"809",2018-10-31 16:00:00,6365.54,6335.49,6363.44,6347.48
"810",2018-10-31 17:00:00,6350.56,6331.6,6347.58,6332.71
"811",2018-10-31 18:00:00,6343.71,6330.08,6332.71,6340.92
"812",2018-10-31 19:00:00,6345.26,6333.92,6340.89,6343.21
"813",2018-10-31 20:00:00,6346.83,6336.72,6343.43,6345.23
"814",2018-10-31 21:00:00,6345.51,6337,6345.51,6341.22
"815",2018-10-31 22:00:00,6354.37,6340.96,6341.6,6350.04
"816",2018-10-31 23:00:00,6351.69,6334.4,6350.07,6342.61
"817",2018-11-01 00:00:00,6347.77,6332.54,6342.81,6344.64
"818",2018-11-01 01:00:00,6345.53,6336.01,6344.64,6338.18
"819",2018-11-01 02:00:00,6341.94,6331.05,6338.18,6341.94
"820",2018-11-01 03:00:00,6342.21,6329.99,6341.94,6332.24
"821",2018-11-01 04:00:00,6342.97,6322.6,6332.24,6342.76
"822",2018-11-01 05:00:00,6344.93,6335.13,6342.76,6335.14
"823",2018-11-01 06:00:00,6348.87,6332.99,6335.84,6347.56
"824",2018-11-01 07:00:00,6355.76,6336.95,6347.52,6355.15
"825",2018-11-01 08:00:00,6355.52,6336.86,6355.15,6342.34
"826",2018-11-01 09:00:00,6349.43,6338.26,6342.34,6345.05
"827",2018-11-01 10:00:00,6347.81,6338.07,6345.05,6343.99
"828",2018-11-01 11:00:00,6349.81,6335.74,6343.99,6347.72
"829",2018-11-01 12:00:00,6348.03,6332.34,6347.39,6341.23
"830",2018-11-01 13:00:00,6344.91,6333.56,6341.23,6337.98
"831",2018-11-01 14:00:00,6343.75,6337.05,6338.39,6339.65
"832",2018-11-01 15:00:00,6350.46,6334.1,6341.01,6342.38
"833",2018-11-01 16:00:00,6347,6336.5,6342.38,6342.78
"834",2018-11-01 17:00:00,6348.9,6339.25,6342.78,6344.66
"835",2018-11-01 18:00:00,6355.87,6344.33,6344.67,6349.56
"836",2018-11-01 19:00:00,6369.84,6347.88,6348.88,6360.82
"837",2018-11-01 20:00:00,6380.02,6359.18,6360.45,6378.83
"838",2018-11-01 21:00:00,6402.59,6375.73,6379.09,6388.02
"839",2018-11-01 22:00:00,6392.78,6373.72,6388.02,6379.51
"840",2018-11-01 23:00:00,6386.94,6376.73,6379.51,6381.3
"841",2018-11-02 00:00:00,6419.28,6380.51,6381.3,6419.28
"842",2018-11-02 01:00:00,6420.93,6411.05,6419.28,6412.09
"843",2018-11-02 02:00:00,6416.64,6389.26,6411.83,6393.04
"844",2018-11-02 03:00:00,6403.45,6387.04,6393.05,6402.64
"845",2018-11-02 04:00:00,6406.41,6396.32,6402.64,6401.15
"846",2018-11-02 05:00:00,6401.99,6395.19,6401.15,6397.49
"847",2018-11-02 06:00:00,6399.52,6394.79,6397.49,6397.48
"848",2018-11-02 07:00:00,6397.5,6381.62,6397.47,6392.73
"849",2018-11-02 08:00:00,6393.05,6376.38,6392.73,6380.14
"850",2018-11-02 09:00:00,6386.41,6371.57,6380.14,6374.73
"851",2018-11-02 10:00:00,6382.09,6372.54,6374.73,6379.78
"852",2018-11-02 11:00:00,6394.12,6378.46,6379.78,6392.88
"853",2018-11-02 12:00:00,6395.43,6384.78,6392.88,6387.95
"854",2018-11-02 13:00:00,6408.74,6387.63,6387.95,6399.49
"855",2018-11-02 14:00:00,6411.83,6398.02,6399.72,6411.02
"856",2018-11-02 15:00:00,6416.1,6394.56,6411.02,6398.85
"857",2018-11-02 16:00:00,6403.19,6390.56,6399.13,6393.23
"858",2018-11-02 17:00:00,6401.32,6390.15,6393.23,6392.53
"859",2018-11-02 18:00:00,6398.68,6391.82,6392.66,6395.37
"860",2018-11-02 19:00:00,6401.86,6391.74,6395.9,6400.57
"861",2018-11-02 20:00:00,6401.28,6393.88,6400.57,6398.26
"862",2018-11-02 21:00:00,6402.22,6396.43,6398.59,6400.74
"863",2018-11-02 22:00:00,6401.18,6385.95,6400.83,6392.76
"864",2018-11-02 23:00:00,6397.08,6390.39,6392.76,6394.66
"865",2018-11-03 00:00:00,6398.09,6391.08,6394.65,6393.55
"866",2018-11-03 01:00:00,6394.53,6384.08,6394.16,6391.66
"867",2018-11-03 02:00:00,6393.54,6381.24,6391.94,6388.42
"868",2018-11-03 03:00:00,6389.78,6377.87,6388.42,6382.7
"869",2018-11-03 04:00:00,6386.58,6377.77,6383.11,6382.08
"870",2018-11-03 05:00:00,6383.3,6375.64,6382.17,6380.33
"871",2018-11-03 06:00:00,6384.79,6376.56,6380.59,6382.99
"872",2018-11-03 07:00:00,6387.01,6373.38,6382.86,6380.75
"873",2018-11-03 08:00:00,6386.07,6378.29,6380.75,6385.55
"874",2018-11-03 09:00:00,6387.04,6342.06,6385.48,6362.29
"875",2018-11-03 10:00:00,6365.32,6353.62,6362.29,6365.2
"876",2018-11-03 11:00:00,6367.25,6353.33,6365.2,6356.26
"877",2018-11-03 12:00:00,6366.76,6354.66,6356.26,6355.37
"878",2018-11-03 13:00:00,6363.22,6336.96,6355.37,6350.43
"879",2018-11-03 14:00:00,6358.11,6349.93,6350.43,6352.22
"880",2018-11-03 15:00:00,6361.04,6352.19,6352.22,6359.61
"881",2018-11-03 16:00:00,6362.32,6354.66,6359.85,6359.9
"882",2018-11-03 17:00:00,6362.78,6357.34,6359.9,6360.96
"883",2018-11-03 18:00:00,6366.37,6359.53,6360.97,6362.15
"884",2018-11-03 19:00:00,6367.39,6359.29,6362.15,6365.06
"885",2018-11-03 20:00:00,6378.01,6363.83,6365.03,6376.52
"886",2018-11-03 21:00:00,6379.48,6369.49,6376.81,6374.63
"887",2018-11-03 22:00:00,6381.3,6371.54,6374.54,6375.29
"888",2018-11-03 23:00:00,6380.91,6371.27,6375.55,6376.32
"889",2018-11-04 00:00:00,6377.09,6351.92,6376.55,6365.97
"890",2018-11-04 01:00:00,6367.42,6363.62,6365.97,6365.89
"891",2018-11-04 02:00:00,6369.75,6363.62,6365.74,6369.08
"892",2018-11-04 03:00:00,6369.31,6362.85,6369.08,6365.15
"893",2018-11-04 04:00:00,6367.46,6359.04,6365.15,6363.27
"894",2018-11-04 05:00:00,6365.4,6358.58,6363.27,6362.5
"895",2018-11-04 06:00:00,6392.59,6362.49,6362.5,6383.99
"896",2018-11-04 07:00:00,6386.21,6380.04,6384.08,6385.21
"897",2018-11-04 08:00:00,6398.29,6383.27,6385.21,6395.06
"898",2018-11-04 09:00:00,6396.93,6375.59,6395.06,6381.29
"899",2018-11-04 10:00:00,6384.85,6379.23,6381.29,6384.75
"900",2018-11-04 11:00:00,6391.65,6383.31,6384.75,6383.31
"901",2018-11-04 12:00:00,6393.19,6379.97,6383.39,6389.9
"902",2018-11-04 13:00:00,6397.45,6383.62,6389.98,6395.75
"903",2018-11-04 14:00:00,6397.71,6381.45,6395.45,6389.67
"904",2018-11-04 15:00:00,6486.47,6387,6390.08,6468.6
"905",2018-11-04 16:00:00,6468.96,6435.59,6468.81,6442.58
"906",2018-11-04 17:00:00,6457.44,6433.77,6442.58,6447.77
"907",2018-11-04 18:00:00,6498.16,6447.72,6447.77,6476.63
"908",2018-11-04 19:00:00,6487.22,6457.73,6476.63,6461.51
"909",2018-11-04 20:00:00,6468.99,6451.55,6461.81,6451.97
"910",2018-11-04 21:00:00,6461.52,6449.38,6451.96,6454.07
"911",2018-11-04 22:00:00,6456.01,6446.66,6454.26,6447.68
"912",2018-11-04 23:00:00,6467.05,6446.7,6447.68,6467.05
"913",2018-11-05 00:00:00,6473.5,6458.89,6467.05,6472.36
"914",2018-11-05 01:00:00,6475.8,6452.56,6472.36,6454.22
"915",2018-11-05 02:00:00,6455.79,6448.43,6454.22,6453.82
"916",2018-11-05 03:00:00,6456.12,6447.18,6453.82,6447.18
"917",2018-11-05 04:00:00,6448.95,6441.73,6447.18,6445.32
"918",2018-11-05 05:00:00,6450.76,6441.23,6445.32,6445.77
"919",2018-11-05 06:00:00,6455.89,6444.2,6445.77,6452.65
"920",2018-11-05 07:00:00,6452.7,6446.06,6452.65,6447.06
"921",2018-11-05 08:00:00,6447.14,6420.85,6447.09,6425.1
"922",2018-11-05 09:00:00,6435.85,6421.22,6425.15,6432.22
"923",2018-11-05 10:00:00,6437.56,6425.32,6432.16,6435.19
"924",2018-11-05 11:00:00,6437.57,6427.55,6435.19,6434.31
"925",2018-11-05 12:00:00,6438.36,6425.83,6434.52,6435.52
"926",2018-11-05 13:00:00,6458.38,6432.5,6435.52,6446.5
"927",2018-11-05 14:00:00,6452.19,6439.3,6446.51,6439.3
"928",2018-11-05 15:00:00,6450.43,6436.73,6439.3,6441.97
"929",2018-11-05 16:00:00,6445.29,6434.2,6442.71,6441.47
"930",2018-11-05 17:00:00,6441.69,6419.46,6441.45,6423.09
"931",2018-11-05 18:00:00,6427.69,6406.69,6423.09,6408.8
"932",2018-11-05 19:00:00,6420.49,6406.8,6408.28,6416.87
"933",2018-11-05 20:00:00,6433.82,6414.12,6416.87,6429.54
"934",2018-11-05 21:00:00,6435.21,6427.84,6429.54,6432.1
"935",2018-11-05 22:00:00,6435.37,6421.15,6432.1,6432.78
"936",2018-11-05 23:00:00,6435.14,6428.58,6432.78,6433.74
"937",2018-11-06 00:00:00,6441.4,6433.53,6433.53,6437.7
"938",2018-11-06 01:00:00,6439.25,6432.54,6437.7,6433.25
"939",2018-11-06 02:00:00,6440.09,6429.56,6433.33,6432.91
"940",2018-11-06 03:00:00,6433.71,6412.56,6433.02,6419.55
"941",2018-11-06 04:00:00,6430.17,6418.74,6419.73,6427.01
"942",2018-11-06 05:00:00,6432.12,6423.73,6427.01,6425.59
"943",2018-11-06 06:00:00,6428.43,6416.95,6425.61,6427.47
"944",2018-11-06 07:00:00,6428.11,6419.82,6427.48,6423.35
"945",2018-11-06 08:00:00,6448.04,6418.9,6423.35,6430.1
"946",2018-11-06 09:00:00,6456.36,6427.9,6430.1,6455.57
"947",2018-11-06 10:00:00,6473.14,6432.65,6455.62,6437.42
"948",2018-11-06 11:00:00,6438,6419.09,6437.66,6421.91
"949",2018-11-06 12:00:00,6442.09,6421.74,6421.91,6434.8
"950",2018-11-06 13:00:00,6446.27,6432.38,6435.01,6436.9
"951",2018-11-06 14:00:00,6446.75,6434.84,6436.9,6440.42
"952",2018-11-06 15:00:00,6462.92,6437.27,6440.64,6455.15
"953",2018-11-06 16:00:00,6455.36,6440.32,6455.15,6447.52
"954",2018-11-06 17:00:00,6453.52,6447.21,6447.52,6449.23
"955",2018-11-06 18:00:00,6455.63,6448.74,6449.23,6451.8
"956",2018-11-06 19:00:00,6452.04,6441.38,6451.8,6441.59
"957",2018-11-06 20:00:00,6448.71,6441.35,6441.59,6447.98
"958",2018-11-06 21:00:00,6449.44,6445.48,6447.98,6448.94
"959",2018-11-06 22:00:00,6473.27,6448.42,6448.94,6468.24
"960",2018-11-06 23:00:00,6482.81,6464.65,6468.24,6479.72
"961",2018-11-07 00:00:00,6562.71,6476.59,6479.72,6527.3
"962",2018-11-07 01:00:00,6557.37,6526.45,6527.3,6556.71
"963",2018-11-07 02:00:00,6562.79,6545.14,6556.71,6545.21
"964",2018-11-07 03:00:00,6552.92,6533.06,6545.21,6537.02
"965",2018-11-07 04:00:00,6540.63,6524.56,6537.02,6526.92
"966",2018-11-07 05:00:00,6536.74,6526.68,6526.92,6532.36
"967",2018-11-07 06:00:00,6535.44,6527.57,6532.18,6533.71
"968",2018-11-07 07:00:00,6544.29,6524.3,6533.71,6524.67
"969",2018-11-07 08:00:00,6559.57,6523.71,6524.9,6541.66
"970",2018-11-07 09:00:00,6554.64,6534.46,6541.66,6541.08
"971",2018-11-07 10:00:00,6542.89,6528.96,6541.22,6534.35
"972",2018-11-07 11:00:00,6538.26,6523.42,6534.59,6531.03
"973",2018-11-07 12:00:00,6535.9,6525.7,6531.64,6526.78
"974",2018-11-07 13:00:00,6540.49,6524.23,6526.78,6538.29
"975",2018-11-07 14:00:00,6546.48,6518.43,6538.29,6526.79
"976",2018-11-07 15:00:00,6526.08,6511.94,6525.18,6520.37
"977",2018-11-07 16:00:00,6530.35,6518.92,6520.37,6527.97
"978",2018-11-07 17:00:00,6543.21,6527.16,6527.97,6536.03
"979",2018-11-07 18:00:00,6544.45,6534.85,6536.03,6538.01
"980",2018-11-07 19:00:00,6540.93,6533.88,6538.01,6534.89
"981",2018-11-07 20:00:00,6537.31,6531.54,6534.89,6533.65
"982",2018-11-07 21:00:00,6533.9,6524.06,6533.65,6531.42
"983",2018-11-07 22:00:00,6531.66,6525.63,6531.42,6529.03
"984",2018-11-07 23:00:00,6529.94,6526.02,6529.03,6529.68
"985",2018-11-08 00:00:00,6542.42,6530.9,6530.94,6535.26
"986",2018-11-08 01:00:00,6535.59,6521.76,6535.26,6522.4
"987",2018-11-08 02:00:00,6526.58,6480.16,6522.4,6488
"988",2018-11-08 03:00:00,6491.14,6474.98,6488,6476.18
"989",2018-11-08 04:00:00,6490.5,6473,6476.42,6489.36
"990",2018-11-08 05:00:00,6489.74,6481.4,6489.5,6482.3
"991",2018-11-08 06:00:00,6489.12,6481.1,6482.3,6489.07
"992",2018-11-08 07:00:00,6492.23,6487.15,6489.07,6490.52
"993",2018-11-08 08:00:00,6498.98,6484.55,6490.52,6488.42
"994",2018-11-08 09:00:00,6493.06,6482.49,6488.42,6491.93
"995",2018-11-08 10:00:00,6499.11,6487.49,6491.95,6494.69
"996",2018-11-08 11:00:00,6506.1,6492.47,6494.69,6492.52
"997",2018-11-08 12:00:00,6508.08,6492,6492.52,6507.77
"998",2018-11-08 13:00:00,6520.83,6502.9,6507.76,6516.01
"999",2018-11-08 14:00:00,6523.39,6508.33,6516.45,6518.85
"1000",2018-11-08 15:00:00,6520.44,6497.58,6518.85,6497.58
"1001",2018-11-08 16:00:00,6498.12,6438.27,6497.58,6463.93
"1002",2018-11-08 17:00:00,6465.57,6443.51,6463.93,6458.94
"1003",2018-11-08 18:00:00,6466.38,6451.5,6458.94,6455
"1004",2018-11-08 19:00:00,6458.21,6448.43,6454.77,6457.56
"1005",2018-11-08 20:00:00,6471.21,6456.83,6457.69,6461.02
"1006",2018-11-08 21:00:00,6470.73,6456.34,6461.01,6461.39
"1007",2018-11-08 22:00:00,6468.73,6447.81,6462.22,6447.83
"1008",2018-11-08 23:00:00,6450.25,6442.03,6447.83,6446.06
"1009",2018-11-09 00:00:00,6452.6,6445.37,6446.06,6451.23
"1010",2018-11-09 01:00:00,6451.96,6446.91,6451.23,6448.73
"1011",2018-11-09 02:00:00,6450.88,6436.5,6448.73,6437.1
"1012",2018-11-09 03:00:00,6448.36,6436.69,6437.1,6446.17
"1013",2018-11-09 04:00:00,6449.9,6442.5,6446.17,6447.58
"1014",2018-11-09 05:00:00,6450.27,6442.76,6447.58,6447.64
"1015",2018-11-09 06:00:00,6452.8,6445.58,6447.75,6451.2
"1016",2018-11-09 07:00:00,6453.25,6442.04,6451.3,6451.21
"1017",2018-11-09 08:00:00,6457.97,6441.66,6451.21,6448.16
"1018",2018-11-09 09:00:00,6448.51,6375.77,6448.16,6399.61
"1019",2018-11-09 10:00:00,6401.77,6389.74,6399.61,6399.34
"1020",2018-11-09 11:00:00,6407.12,6393.37,6398.69,6394.91
"1021",2018-11-09 12:00:00,6405.89,6394.81,6394.91,6403.25
"1022",2018-11-09 13:00:00,6403.92,6369.85,6403.25,6394.13
"1023",2018-11-09 14:00:00,6401.19,6358.82,6394.13,6381.74
"1024",2018-11-09 15:00:00,6392.89,6378.63,6381.74,6390.82
"1025",2018-11-09 16:00:00,6396.34,6387.95,6390.82,6394.28
"1026",2018-11-09 17:00:00,6395.31,6391.28,6394.54,6395.03
"1027",2018-11-09 18:00:00,6395.64,6383.44,6395.31,6383.47
"1028",2018-11-09 19:00:00,6391.52,6374.59,6383.47,6390.44
"1029",2018-11-09 20:00:00,6391.58,6383.78,6390.44,6387.02
"1030",2018-11-09 21:00:00,6387.02,6352.45,6387.02,6374.14
"1031",2018-11-09 22:00:00,6380.24,6369.31,6374.14,6377.55
"1032",2018-11-09 23:00:00,6381.65,6375.55,6377.55,6377.99
"1033",2018-11-10 00:00:00,6387.76,6376.17,6377.99,6386.88
"1034",2018-11-10 01:00:00,6390.26,6384.04,6386.88,6389.21
"1035",2018-11-10 02:00:00,6400.04,6389.24,6389.56,6391.06
"1036",2018-11-10 03:00:00,6392.79,6387.75,6391.06,6390.79
"1037",2018-11-10 04:00:00,6407.8,6389.5,6391.26,6406.86
"1038",2018-11-10 05:00:00,6406.86,6398.4,6406.86,6405.8
"1039",2018-11-10 06:00:00,6411.49,6389.83,6405.8,6390.65
"1040",2018-11-10 07:00:00,6409.06,6388.65,6390.65,6402.28
"1041",2018-11-10 08:00:00,6409.86,6396.27,6402.49,6396.3
"1042",2018-11-10 09:00:00,6406.71,6392.02,6396.3,6405.12
"1043",2018-11-10 10:00:00,6405.84,6384.14,6405.12,6388.98
"1044",2018-11-10 11:00:00,6401.43,6386.57,6388.98,6400.12
"1045",2018-11-10 12:00:00,6410.18,6395.72,6400.12,6409.68
"1046",2018-11-10 13:00:00,6416.54,6403.78,6409.68,6408.91
"1047",2018-11-10 14:00:00,6414.12,6394.06,6409.28,6406.8
"1048",2018-11-10 15:00:00,6410.92,6402.06,6406.14,6407.58
"1049",2018-11-10 16:00:00,6417.7,6406.39,6407.33,6409.43
"1050",2018-11-10 17:00:00,6419.92,6402.71,6409.43,6412.92
"1051",2018-11-10 18:00:00,6416.65,6406.96,6412.92,6408.58
"1052",2018-11-10 19:00:00,6410.81,6405.03,6408.64,6408.8
"1053",2018-11-10 20:00:00,6412.84,6405.94,6409.31,6412.83
"1054",2018-11-10 21:00:00,6416.26,6410.13,6413.99,6411.67
"1055",2018-11-10 22:00:00,6413.24,6406.38,6412.62,6411.35
"1056",2018-11-10 23:00:00,6413.56,6390.8,6411.35,6396.37
"1057",2018-11-11 00:00:00,6404.65,6394.36,6396.39,6404.65
"1058",2018-11-11 01:00:00,6408.65,6398.08,6404.65,6408.5
"1059",2018-11-11 02:00:00,6408.83,6398.58,6408.5,6401.63
"1060",2018-11-11 03:00:00,6402.57,6387.26,6401.63,6392.57
"1061",2018-11-11 04:00:00,6403.64,6391.62,6392.57,6402.6
"1062",2018-11-11 05:00:00,6403.42,6394.83,6402.6,6396.09
"1063",2018-11-11 06:00:00,6407.18,6393.35,6396.09,6406.97
"1064",2018-11-11 07:00:00,6408.91,6400.01,6406.97,6407.43
"1065",2018-11-11 08:00:00,6411.73,6399.54,6407.43,6404.54
"1066",2018-11-11 09:00:00,6404.71,6395.83,6404.54,6396.08
"1067",2018-11-11 10:00:00,6396.88,6383.29,6396.08,6393.29
"1068",2018-11-11 11:00:00,6396.8,6385.67,6393.07,6386.65
"1069",2018-11-11 12:00:00,6394.55,6384.29,6386.65,6385.27
"1070",2018-11-11 13:00:00,6394.55,6375.06,6385.27,6378.18
"1071",2018-11-11 14:00:00,6388.91,6377.41,6378.18,6385.75
"1072",2018-11-11 15:00:00,6386.48,6326.38,6385.75,6354.06
"1073",2018-11-11 16:00:00,6359.79,6341.56,6354.42,6352.72
"1074",2018-11-11 17:00:00,6367.39,6350.39,6352.72,6364.39
"1075",2018-11-11 18:00:00,6372.8,6361.75,6364.39,6370.32
"1076",2018-11-11 19:00:00,6388.29,6370.95,6370.95,6378.18
"1077",2018-11-11 20:00:00,6382.78,6376.63,6378.18,6381.02
"1078",2018-11-11 21:00:00,6386.37,6371.71,6381.02,6371.82
"1079",2018-11-11 22:00:00,6374.52,6363.37,6371.58,6366.37
"1080",2018-11-11 23:00:00,6414.18,6364.57,6366.37,6408.18
"1081",2018-11-12 00:00:00,6435.41,6407.9,6408.18,6419.93
"1082",2018-11-12 01:00:00,6423.22,6409.35,6419.88,6416.06
"1083",2018-11-12 02:00:00,6430.73,6413.11,6416.06,6430.31
"1084",2018-11-12 03:00:00,6431.25,6409,6430.31,6409.61
"1085",2018-11-12 04:00:00,6417.47,6408.86,6409.61,6414.55
"1086",2018-11-12 05:00:00,6417.03,6409.85,6414.55,6415.3
"1087",2018-11-12 06:00:00,6417.23,6400.27,6415.3,6404.6
"1088",2018-11-12 07:00:00,6408.45,6401.34,6404.6,6403.81
"1089",2018-11-12 08:00:00,6414.22,6391.38,6403.81,6412.74
"1090",2018-11-12 09:00:00,6414.51,6404.95,6412.74,6412.37
"1091",2018-11-12 10:00:00,6415.58,6393.29,6412.37,6408.64
"1092",2018-11-12 11:00:00,6409.99,6397.68,6408.64,6402.44
"1093",2018-11-12 12:00:00,6411.35,6401.29,6402.44,6410.2
"1094",2018-11-12 13:00:00,6416.92,6407.12,6410.06,6416.89
"1095",2018-11-12 14:00:00,6425.87,6416.96,6417.46,6417.92
"1096",2018-11-12 15:00:00,6419.95,6393.31,6418.69,6405.99
"1097",2018-11-12 16:00:00,6409.29,6392,6406.46,6399.44
"1098",2018-11-12 17:00:00,6399.94,6382.51,6399.77,6387.06
"1099",2018-11-12 18:00:00,6392.6,6378.31,6387.06,6380.85
"1100",2018-11-12 19:00:00,6389.15,6371.99,6380.98,6386.39
"1101",2018-11-12 20:00:00,6391.39,6382.7,6386.71,6383.38
"1102",2018-11-12 21:00:00,6389.28,6364.37,6383.62,6364.77
"1103",2018-11-12 22:00:00,6374.58,6350.87,6364.77,6373.44
"1104",2018-11-12 23:00:00,6380.3,6363.83,6372.95,6375.08
"1105",2018-11-13 00:00:00,6381.17,6360.71,6375.08,6371.18
"1106",2018-11-13 01:00:00,6373.56,6339.56,6371.18,6347.49
"1107",2018-11-13 02:00:00,6358.49,6315.58,6347.49,6354.54
"1108",2018-11-13 03:00:00,6379.82,6353.15,6354.54,6359.35
"1109",2018-11-13 04:00:00,6377.46,6359.01,6359.35,6366.3
"1110",2018-11-13 05:00:00,6369.28,6361.46,6366.3,6366.54
"1111",2018-11-13 06:00:00,6374.8,6364.57,6366.54,6365.81
"1112",2018-11-13 07:00:00,6368.12,6350.36,6365.85,6367.12
"1113",2018-11-13 08:00:00,6372.18,6338.77,6367.12,6345.29
"1114",2018-11-13 09:00:00,6354.26,6339.04,6345.96,6350.09
"1115",2018-11-13 10:00:00,6356.44,6347.58,6350.48,6351.79
"1116",2018-11-13 11:00:00,6366.99,6347.15,6352.14,6353.93
"1117",2018-11-13 12:00:00,6364.22,6353.02,6353.93,6359.9
"1118",2018-11-13 13:00:00,6370.51,6348.93,6360.42,6356.7
"1119",2018-11-13 14:00:00,6360.3,6344.39,6356.7,6349.21
"1120",2018-11-13 15:00:00,6363.94,6345.33,6349.7,6356.17
"1121",2018-11-13 16:00:00,6385.55,6353.45,6356.17,6384.52
"1122",2018-11-13 17:00:00,6388.48,6370.28,6384.52,6376.85
"1123",2018-11-13 18:00:00,6389.43,6343.1,6376.85,6347.36
"1124",2018-11-13 19:00:00,6364.74,6345.53,6347.36,6353.6
"1125",2018-11-13 20:00:00,6377.92,6351.74,6353.6,6377.57
"1126",2018-11-13 21:00:00,6377.57,6356.94,6377.57,6357.66
"1127",2018-11-13 22:00:00,6364.72,6353.67,6357.97,6356.28
"1128",2018-11-13 23:00:00,6356.05,6335.3,6355.91,6339.17
"1129",2018-11-14 00:00:00,6342.5,6322.34,6339.17,6341.88
"1130",2018-11-14 01:00:00,6346.64,6336.19,6341.88,6346.49
"1131",2018-11-14 02:00:00,6346.49,6334.27,6346.49,6340.36
"1132",2018-11-14 03:00:00,6351.39,6332.63,6340.36,6343.08
"1133",2018-11-14 04:00:00,6355.91,6342.24,6343.08,6355.21
"1134",2018-11-14 05:00:00,6369.25,6348.8,6355.52,6367.35
"1135",2018-11-14 06:00:00,6375.7,6366.77,6367.96,6369.03
"1136",2018-11-14 07:00:00,6370,6358.63,6369.04,6358.75
"1137",2018-11-14 08:00:00,6364.75,6351.17,6358.75,6358.19
"1138",2018-11-14 09:00:00,6358.32,6311.45,6358.32,6322.84
"1139",2018-11-14 10:00:00,6331.11,6246.6,6322.84,6273.3
"1140",2018-11-14 11:00:00,6287.33,6252.56,6273.3,6285.58
"1141",2018-11-14 12:00:00,6300.87,6273.51,6285.61,6278.24
"1142",2018-11-14 13:00:00,6281,6265.76,6278.24,6278.03
"1143",2018-11-14 14:00:00,6279.11,6222.23,6278.03,6237.97
"1144",2018-11-14 15:00:00,6238.96,6124.62,6237.97,6143.45
"1145",2018-11-14 16:00:00,6174.39,5718.5,6143.45,5837.42
"1146",2018-11-14 17:00:00,5852.94,5692.79,5837.42,5817.63
"1147",2018-11-14 18:00:00,5846.16,5695.67,5817.66,5707.28
"1148",2018-11-14 19:00:00,5748.1,5534.46,5707.28,5672.23
"1149",2018-11-14 20:00:00,5674.97,5469.93,5672.23,5569.51
"1150",2018-11-14 21:00:00,5735.44,5533.46,5569.51,5678.15
"1151",2018-11-14 22:00:00,5679.02,5620.04,5678.73,5640.22
"1152",2018-11-14 23:00:00,5746.58,5635.98,5640.22,5741.47
"1153",2018-11-15 00:00:00,5767.06,5696.94,5740.51,5712.05
"1154",2018-11-15 01:00:00,5728.97,5689.16,5712.05,5700.99
"1155",2018-11-15 02:00:00,5701.21,5586.41,5700.99,5623.98
"1156",2018-11-15 03:00:00,5660.75,5617.91,5623.98,5643.46
"1157",2018-11-15 04:00:00,5642.82,5548.09,5642.82,5620.37
"1158",2018-11-15 05:00:00,5642.65,5599.39,5620.37,5637.98
"1159",2018-11-15 06:00:00,5643.47,5580.8,5637.98,5614.05
"1160",2018-11-15 07:00:00,5664.45,5613.36,5614.04,5651.78
"1161",2018-11-15 08:00:00,5671.44,5611.27,5651.78,5616.59
"1162",2018-11-15 09:00:00,5653.04,5614.41,5616.72,5647.86
"1163",2018-11-15 10:00:00,5652.59,5444.27,5648.68,5483.49
"1164",2018-11-15 11:00:00,5524.86,5444.51,5483.41,5487.74
"1165",2018-11-15 12:00:00,5540.25,5466.43,5487.62,5481.8
"1166",2018-11-15 13:00:00,5503.6,5466.12,5481.8,5487.73
"1167",2018-11-15 14:00:00,5487.53,5300.97,5487.53,5302.85
"1168",2018-11-15 15:00:00,5597.76,5300.75,5302.85,5557.76
"1169",2018-11-15 16:00:00,5602.34,5454.8,5557.76,5558.46
"1170",2018-11-15 17:00:00,5634.3,5541.7,5558.46,5573.76
"1171",2018-11-15 18:00:00,5598.76,5540.96,5573.76,5582.18
"1172",2018-11-15 19:00:00,5616.7,5557.03,5582.18,5605.49
"1173",2018-11-15 20:00:00,5609.84,5548.33,5605.49,5549.61
"1174",2018-11-15 21:00:00,5550.16,5493.27,5549.61,5543.61
"1175",2018-11-15 22:00:00,5595,5525.81,5544.08,5561.46
"1176",2018-11-15 23:00:00,5653.81,5557.31,5561.6,5647.5
"1177",2018-11-16 00:00:00,5676.54,5605.42,5647.5,5610.89
"1178",2018-11-16 01:00:00,5619.01,5586.82,5610.89,5599.29
"1179",2018-11-16 02:00:00,5627.88,5594.77,5599.23,5621.65
"1180",2018-11-16 03:00:00,5648.43,5619.51,5621.65,5633.62
"1181",2018-11-16 04:00:00,5635.35,5604.73,5634.04,5606.25
"1182",2018-11-16 05:00:00,5616.63,5591.97,5606.25,5592.84
"1183",2018-11-16 06:00:00,5610.42,5578.17,5593.02,5603.3
"1184",2018-11-16 07:00:00,5617.63,5561.28,5603.3,5563.43
"1185",2018-11-16 08:00:00,5583.14,5554.02,5563.43,5573.52
"1186",2018-11-16 09:00:00,5573.64,5511.37,5573.52,5541.72
"1187",2018-11-16 10:00:00,5608.91,5530.77,5542.3,5606.94
"1188",2018-11-16 11:00:00,5626.01,5600.46,5607.34,5601
"1189",2018-11-16 12:00:00,5601.71,5575.05,5601.3,5583.7
"1190",2018-11-16 13:00:00,5621.31,5579.32,5583.7,5611.31
"1191",2018-11-16 14:00:00,5622.52,5602.75,5611.31,5610.13
"1192",2018-11-16 15:00:00,5613.8,5586.9,5610.13,5588.92
"1193",2018-11-16 16:00:00,5613.44,5584.51,5588.93,5605.19
"1194",2018-11-16 17:00:00,5611.21,5596.2,5605.19,5596.2
"1195",2018-11-16 18:00:00,5599.05,5583.79,5596.2,5594.5
"1196",2018-11-16 19:00:00,5596,5560.84,5594.54,5563.74
"1197",2018-11-16 20:00:00,5578.57,5546.11,5564.37,5575
"1198",2018-11-16 21:00:00,5575.44,5508.76,5575,5517.58
"1199",2018-11-16 22:00:00,5532.74,5487.87,5517.58,5510.82
"1200",2018-11-16 23:00:00,5599.58,5496.46,5513.62,5586.27
"1201",2018-11-17 00:00:00,5590.12,5571.96,5586.97,5574.67
"1202",2018-11-17 01:00:00,5581.09,5561.7,5574.86,5567.2
"1203",2018-11-17 02:00:00,5568.28,5531.65,5567.47,5551.15
"1204",2018-11-17 03:00:00,5551.76,5532.55,5551.73,5533.01
"1205",2018-11-17 04:00:00,5553.95,5528.32,5533.07,5550.17
"1206",2018-11-17 05:00:00,5552.98,5529.74,5550.6,5532.37
"1207",2018-11-17 06:00:00,5548.04,5531.39,5532.37,5546.93
"1208",2018-11-17 07:00:00,5582.39,5536.02,5546.93,5582.33
"1209",2018-11-17 08:00:00,5582.58,5542.39,5582,5553.38
"1210",2018-11-17 09:00:00,5562.42,5547.93,5553.38,5551.11
"1211",2018-11-17 10:00:00,5556.5,5524.7,5551.11,5535.33
"1212",2018-11-17 11:00:00,5574.17,5530.9,5535.34,5562.94
"1213",2018-11-17 12:00:00,5565.37,5545.33,5563.8,5554.17
"1214",2018-11-17 13:00:00,5577.53,5546.23,5554.18,5565.63
"1215",2018-11-17 14:00:00,5567.22,5536.27,5566.63,5561.51
"1216",2018-11-17 15:00:00,5563.84,5542.82,5561.51,5542.89
"1217",2018-11-17 16:00:00,5602.01,5542.12,5542.89,5596.71
"1218",2018-11-17 17:00:00,5601.94,5547.94,5596.71,5548.35
"1219",2018-11-17 18:00:00,5556.85,5541.68,5548.98,5553.33
"1220",2018-11-17 19:00:00,5561.42,5552.13,5554.28,5558.87
"1221",2018-11-17 20:00:00,5573.07,5553.97,5558.87,5572.45
"1222",2018-11-17 21:00:00,5577.21,5553.86,5572.45,5554.05
"1223",2018-11-17 22:00:00,5563.02,5541.07,5554.05,5562.13
"1224",2018-11-17 23:00:00,5570.93,5558.19,5563,5568.94
"1225",2018-11-18 00:00:00,5593.96,5567.95,5567.95,5591.61
"1226",2018-11-18 01:00:00,5592.72,5578.46,5592.48,5579.39
"1227",2018-11-18 02:00:00,5609.85,5577.69,5579.39,5601.6
"1228",2018-11-18 03:00:00,5621.96,5599.99,5601.6,5616.11
"1229",2018-11-18 04:00:00,5616.43,5596.02,5616.11,5600.21
"1230",2018-11-18 05:00:00,5621.66,5593.84,5601.17,5612.34
"1231",2018-11-18 06:00:00,5618.95,5604.35,5612.34,5609.8
"1232",2018-11-18 07:00:00,5617.54,5599.31,5609.79,5599.31
"1233",2018-11-18 08:00:00,5599.9,5587.14,5599.23,5596.47
"1234",2018-11-18 09:00:00,5600.42,5586.18,5596.47,5593.65
"1235",2018-11-18 10:00:00,5595.97,5572.54,5593.65,5576.07
"1236",2018-11-18 11:00:00,5590.83,5575.28,5576.58,5584.58
"1237",2018-11-18 12:00:00,5601.64,5582.32,5584.58,5595.6
"1238",2018-11-18 13:00:00,5597.88,5576.93,5595.8,5577.16
"1239",2018-11-18 14:00:00,5597.94,5573.55,5577.17,5597.72
"1240",2018-11-18 15:00:00,5602.19,5592.69,5597.72,5593.68
"1241",2018-11-18 16:00:00,5612.13,5584.23,5594.7,5607.08
"1242",2018-11-18 17:00:00,5608.89,5596.7,5607.08,5600.2
"1243",2018-11-18 18:00:00,5625.92,5595.13,5600.92,5625.82
"1244",2018-11-18 19:00:00,5701.35,5624.67,5625.83,5630.71
"1245",2018-11-18 20:00:00,5634.22,5600.09,5631.31,5604.3
"1246",2018-11-18 21:00:00,5608.15,5590.28,5604.3,5605.85
"1247",2018-11-18 22:00:00,5607.3,5586.55,5605.85,5605.97
"1248",2018-11-18 23:00:00,5615.61,5603.03,5605.97,5615.26
"1249",2018-11-19 00:00:00,5615.98,5592.65,5615.26,5601.56
"1250",2018-11-19 01:00:00,5601.61,5518.58,5601.56,5565.97
"1251",2018-11-19 02:00:00,5573.37,5513.07,5565.97,5542.96
"1252",2018-11-19 03:00:00,5576.38,5536.01,5542.96,5569.01
"1253",2018-11-19 04:00:00,5569.45,5529.65,5568.45,5549.37
"1254",2018-11-19 05:00:00,5549.8,5373.16,5549.37,5477.13
"1255",2018-11-19 06:00:00,5478.17,5420.48,5477.47,5444.67
"1256",2018-11-19 07:00:00,5448.4,5412.53,5444.56,5432.77
"1257",2018-11-19 08:00:00,5432.77,5239.59,5432.77,5324.67
"1258",2018-11-19 09:00:00,5331.88,5227.59,5324.67,5253.05
"1259",2018-11-19 10:00:00,5374.58,5246.51,5252.9,5342.44
"1260",2018-11-19 11:00:00,5343.54,5286.21,5342.44,5298.13
"1261",2018-11-19 12:00:00,5321.61,5265.15,5298.14,5280.68
"1262",2018-11-19 13:00:00,5280.68,5142.72,5280.68,5174.92
"1263",2018-11-19 14:00:00,5194.01,5114.81,5174.92,5152.72
"1264",2018-11-19 15:00:00,5200.44,5130.97,5152.72,5163.77
"1265",2018-11-19 16:00:00,5178.42,5016.67,5163.77,5123.6
"1266",2018-11-19 17:00:00,5131.79,5069.23,5123.6,5086.12
"1267",2018-11-19 18:00:00,5109.88,4988.9,5086.12,4999.2
"1268",2018-11-19 19:00:00,5028.34,4938.55,4999.21,5008.74
"1269",2018-11-19 20:00:00,5076.96,4930.6,5008.74,4940.13
"1270",2018-11-19 21:00:00,4966.41,4757.01,4940.09,4854.68
"1271",2018-11-19 22:00:00,4911.52,4809.47,4854.69,4864.71
"1272",2018-11-19 23:00:00,4909.04,4808.92,4864.71,4809.62
"1273",2018-11-20 00:00:00,4916.21,4809.62,4809.62,4897.86
"1274",2018-11-20 01:00:00,4897.56,4856.38,4897.31,4875.14
"1275",2018-11-20 02:00:00,4953.56,4872.94,4875.19,4913.67
"1276",2018-11-20 03:00:00,4915.42,4850.87,4914.22,4863.84
"1277",2018-11-20 04:00:00,4882.79,4709.42,4863.64,4709.42
"1278",2018-11-20 05:00:00,4735,4619.65,4709.42,4661.11
"1279",2018-11-20 06:00:00,4676.98,4548.5,4661.11,4643.19
"1280",2018-11-20 07:00:00,4697.73,4600.97,4643.21,4622.76
"1281",2018-11-20 08:00:00,4622.76,4296.76,4622.76,4395.04
"1282",2018-11-20 09:00:00,4555.07,4391.25,4395.04,4467.03
"1283",2018-11-20 10:00:00,4554.94,4459.32,4466.81,4481.48
"1284",2018-11-20 11:00:00,4481.27,4394.16,4481.27,4395.28
"1285",2018-11-20 12:00:00,4524.83,4394.76,4395.28,4456.76
"1286",2018-11-20 13:00:00,4501.64,4434.72,4456.76,4466.97
"1287",2018-11-20 14:00:00,4813.52,4452.02,4467.16,4733.45
"1288",2018-11-20 15:00:00,4834.22,4674.02,4733.45,4830.75
"1289",2018-11-20 16:00:00,4845.69,4718.25,4830.65,4745.17
"1290",2018-11-20 17:00:00,4756.39,4529.83,4745.17,4537.81
"1291",2018-11-20 18:00:00,4631.81,4533.34,4537.81,4620.24
"1292",2018-11-20 19:00:00,4650.12,4552.08,4620.24,4569.59
"1293",2018-11-20 20:00:00,4570.44,4168.25,4569.59,4366.88
"1294",2018-11-20 21:00:00,4506.27,4318.43,4366.88,4417.49
"1295",2018-11-20 22:00:00,4470.41,4320.87,4418.41,4329.66
"1296",2018-11-20 23:00:00,4513.55,4273.37,4329.92,4441.81
"1297",2018-11-21 00:00:00,4462.73,4354.84,4441.81,4385.8
"1298",2018-11-21 01:00:00,4406.15,4315.58,4385.8,4367.06
"1299",2018-11-21 02:00:00,4496.17,4366.14,4367.06,4450.33
"1300",2018-11-21 03:00:00,4588.48,4417.74,4451.2,4526.44
"1301",2018-11-21 04:00:00,4548,4455.46,4527.05,4535.66
"1302",2018-11-21 05:00:00,4535.06,4397.83,4535.06,4398.03
"1303",2018-11-21 06:00:00,4517.17,4390.54,4397.15,4496.26
"1304",2018-11-21 07:00:00,4557.05,4467.88,4496.26,4552.48
"1305",2018-11-21 08:00:00,4683.21,4515.85,4554.93,4643.24
"1306",2018-11-21 09:00:00,4689.55,4613.01,4642.87,4617.22
"1307",2018-11-21 10:00:00,4621.21,4553.33,4617.22,4598.36
"1308",2018-11-21 11:00:00,4631.97,4536.6,4598.74,4547.66
"1309",2018-11-21 12:00:00,4616.54,4547.5,4547.65,4600.14
"1310",2018-11-21 13:00:00,4600.79,4482.27,4600.14,4497.77
"1311",2018-11-21 14:00:00,4506.38,4439.63,4497.77,4475.35
"1312",2018-11-21 15:00:00,4594.79,4472.95,4477.11,4564.36
"1313",2018-11-21 16:00:00,4590.12,4525.23,4564.36,4547.02
"1314",2018-11-21 17:00:00,4547.61,4415.19,4547.18,4486.49
"1315",2018-11-21 18:00:00,4513.44,4459.04,4486.49,4478.81
"1316",2018-11-21 19:00:00,4487.15,4438.86,4478.55,4462.25
"1317",2018-11-21 20:00:00,4538.97,4432.09,4462.25,4467.15
"1318",2018-11-21 21:00:00,4541.49,4389.2,4467.87,4502.28
"1319",2018-11-21 22:00:00,4561.24,4501.06,4502.28,4526.2
"1320",2018-11-21 23:00:00,4624.8,4505.84,4526.2,4593.04
"1321",2018-11-22 00:00:00,4608.76,4554.67,4593.04,4573.24
